id,loss_musd,eth_longtail,config_change_before_theft,note,eth_token,mint,eth_native,other_evm,non_evm,approval,offvault
2021-07-chainswap-1,0.8,0.8,,mapped project tokens,,,,,,,
2021-07-anyswap-v3,7.9,,,MPC pools; chain split unknown,7.9,,,,,,
2021-07-chainswap-2,4.4,,,,,4.4,,,,,
2021-07-thorchain-1,5.0,,,rotating vault EOAs (no fixed vault),,,5.0,,,,
2021-07-thorchain-2,8.0,,,,8.0,,,,,,
2021-08-poly-network,611.0,,2 min,ETH leg ~$273M,264.0,,9.0,338.0,,,
2021-09-pnetwork-pbtc,12.7,,,BTC collateral,,,,,12.7,,
2021-11-nerve-bridge,0.54,,,BSC pool,,,,0.54,,,
2022-01-multichain-approvals,1.4,,,,,,,,,1.4,
2022-01-qubit,80.0,,,"fake deposit on ETH, mint on BSC",,80.0,,,,,
2022-02-wormhole,326.0,,,"93,750 ETH left as WETH; rest kept on Solana",254.0,72.0,,,,,
2022-02-meter,4.4,,,BSC / Moonriver side,,,,4.4,,,
2022-03-lifi,0.6,,,,,,,,,0.6,
2022-03-ronin,624.0,,,ETH left as a WETH unwrap (visible),624.0,,,,,,
2022-06-harmony,100.0,,,"13,100 ETH from the ETH manager",76.0,,14.5,9.5,,,
2022-08-nomad,190.0,21.0,41 days,,169.0,,,,,,
2022-08-celer-cbridge,0.24,,,frontend/DNS,,,,,,,0.24
2022-10-transit-swap,21.2,,,,,,,,,21.2,
2022-10-bnb-token-hub,570.0,,,,,570.0,,,,,
2022-12-rubic,1.41,,,,,,,,,1.41,
2023-04-allbridge-core,0.57,,,BSC pool,,,,0.57,,,
2023-07-poly-network,5.0,,,"catalog says mint, but the ETH LockProxy released $5.77M of stablecoins (poly-2023.json)",5.0,,,,,,
2023-07-multichain,126.0,,,MPC EOA vault on Ethereum,126.0,,,,,,
2023-11-heco-bridge,86.6,0.9,,,65.3,,20.4,,,,
2023-12-orbit-bridge,81.7,,,"~9,500 ETH native",59.8,,21.9,,,,
2024-01-socket-bungee,3.3,,3 days,,,,,,,3.3,
2024-04-xbridge,1.44,1.44,minutes (listToken),STC/SRLTY/Mazi,,,,,,,
2024-07-lifi,9.73,,facet added (lead unknown),,,,,,,9.73,
2024-08-ronin,12.0,,49 min,,2.2,,9.8,,,,
2025-06-force-bridge,3.76,,lead unknown,,1.6,,1.36,0.8,,,
2025-09-shibarium,2.4,,same session,scaled to the $2.4M headline,1.59,,0.81,,,,
2025-10-garden,11.0,,,solver inventory,,,,,,,11.0
2026-02-iotex-iotube,4.4,,18 min,+ CIOTX mint,4.4,,,,,,
2026-04-hyperbridge,2.5,,,WETH from gateway; bridged DOT minted,0.56,1.94,,,,,
2026-04-kelpdao-rseth,292.0,,weeks (DVN 1-of-1),single tx,292.0,,,,,,
2026-05-tac-ton,2.86,,,TON,,,,,2.86,,
2026-05-thorchain-asgard,10.7,,,threshold-key vault across BTC/ETH/BSC/Base,,,,,10.7,,
2026-05-adshares,0.63,,,,,0.63,,,,,
2026-05-verus-1,11.58,,,single tx,8.24,,3.34,,,,
2026-05-map-protocol,0.11,,,,,0.11,,,,,
2026-05-gravity-bridge,5.4,,new validator 1 day (disputed),,5.4,,,,,,
2026-06-syscoin,10.0,,,,,10.0,,,,,
2026-06-aztec-connect,2.19,1.19,,single tx; split rough,,,1.0,,,,
2026-06-aztec-bridge-escape,2.2,,,"1,158 ETH",0.2,,2.0,,,,
2026-07-across-solana,4.5,,,relayer capital,,,,,,,4.5
2026-07-allbridge-core-solana,1.65,,,Solana pool,,,,,1.65,,
2026-07-wanchain-cardano,9.0,,,Cardano treasury,,,,,9.0,,
2026-07-afx,24.15,,,Arbitrum vault; 200 s request window,,,,24.15,,,
2026-07-verus-2,7.53,,,split rough,4.53,,3.0,,,,
2026-07-garden-htlc,0.45,,,solver,,,,,,,0.45
2026-08-coreum-xrpl,0.2,,,XRPL,,,,,0.2,,
2026-08-allbridge-cctp,0.19,,,Base router,,,,0.19,,,
2026-08-sandbox-oft,0.68,,delegate/config change,,,0.68,,,,,
2026-09-liquid-network,320.0,,,Bitcoin federation peg,,,,,320.0,,
