key,tracked_stolen_usd,floor_0conf,floor_1conf,floor_2conf,floor_6conf,floor_12conf,floor_64conf,native_usd,native_lead_min,share_gone_at_alert_tokens_only_view,share_gone_at_alert_with_native_view,minutes_earlier_with_native
force-bridge-2025,1597055,0.724,0.724,0.724,0.724,0.724,1.0,1357752,0.0,0.851,0.851,0.0
heco-2023,65337547,0.644,0.644,0.644,0.644,0.644,0.985,20371566,4.8,0.729,0.238,4.8
kelp-2026,294213759,1.0,1.0,1.0,1.0,1.0,1.0,,,,,
poly-2021,260894554,0.369,0.369,0.369,0.369,0.551,0.556,9008780,4.7,0.391,0.033,4.8
poly-2023,5772876,0.981,0.981,0.981,0.981,0.981,1.0,,,,,
ronin-2024,1998047,1.0,1.0,1.0,1.0,1.0,1.0,9788122,34.4,1.0,0.83,34.2
shibarium-2025,2025250,0.619,0.619,0.619,0.619,1.0,1.0,1037882,0.0,0.748,0.748,0.0
verus-2026,8243322,1.0,1.0,1.0,1.0,1.0,1.0,3456138,0.0,1.0,1.0,0.0
xbridge-2024,794558,1.0,1.0,1.0,1.0,1.0,1.0,,,,,
harmony-2022,76205514,0.541,0.541,0.541,0.541,0.701,0.926,,,,,
multichain-2023,111270957,0.249,0.249,0.249,0.249,0.249,0.519,,,,,
nomad-2022,168750471,0.082,0.082,0.082,0.095,0.095,0.095,,,,,
orbit-2023,59826263,0.167,0.167,0.167,0.167,0.167,0.331,,,,,
ronin-2022,539564295,0.953,0.953,0.953,0.953,1.0,1.0,,,,,
