key,role,design,utc,tx,token,usd,pct_tvl,pct_token_balance,recipient,recipient_new,recipient_ever_deposited,deposits_within_1h_usd,same_recipient_deposits_24h_usd,net_1h_pct_tvl,drawdown_24h_pct
force-bridge-2025,pre-hack,lockbox,2025-06-01 05:32:23,0x77ee3a0c6a95adbf274335bc257bf34314869921f060705fe42755cddf3318f8,USDC,100,0.01,0.0,0x28982c70691fe4799eb593b11b9f1f6a6fea7c51,True,False,0,0,0.01,0.01
heco-2023,pre-hack,lockbox,2023-11-17 01:32:59,0x29a2786507a3e887084bbdacd8293760b67457aeafca5647d9bf9748a56b6d3f,HBTC,1650503,2.46,8.4,0xa9c0204b10bba10ffce488dce6ffff1cacdbbb10,False,False,0,0,2.46,2.46
heco-2023,pre-hack,lockbox,2023-11-13 09:22:35,0x82eeccc451964588acdc5b72f209dae06fbb0d015b7abc88c4b67ca95f3c7d11,LINK,7274,0.01,1.2,0xa9c0204b10bba10ffce488dce6ffff1cacdbbb10,False,False,0,0,0.01,0.02
heco-2023,pre-hack,lockbox,2023-11-15 05:47:47,0xe3ed751ee9bb6525ebdc34c911b6e1541ed2c63811c23659aa80fe9ea96d161e,LINK,6990,0.01,1.1,0xa9c0204b10bba10ffce488dce6ffff1cacdbbb10,False,False,0,0,0.01,0.02
heco-2023,pre-hack,lockbox,2023-11-15 09:12:47,0x4e0e72f854dcbdf5a3d1af605043562bef7d6b7f422d11cbd71795637c31c95d,DAI,4075,0.01,5.6,0xa9c0204b10bba10ffce488dce6ffff1cacdbbb10,False,False,2987,0,0.02,0.04
heco-2023,pre-hack,lockbox,2023-11-15 08:57:47,0x487ab214bbf7126823d5105a12a93d051d586bdf0fcebce93033e46807debc1c,DAI,4075,0.01,5.3,0xa9c0204b10bba10ffce488dce6ffff1cacdbbb10,False,False,2987,0,0.02,0.03
kelp-2026,pre-hack,oft-adapter,2026-04-16 11:07:23,0xa6133092fe18707630a30cf4b6897097fe8cb92552e3d8aba9498e7bebe51d19,rsETH,3838669,1.24,1.2,0xd8495b95a3a6a85f4e3baa003e8b7ed1ed85562d,False,False,3409369,0,1.24,1.24
kelp-2026,pre-hack,oft-adapter,2026-04-16 17:41:59,0x5794ea7094a38813b88015e40e91dcf5e67bbd4eeea604b5744d0a9f777e4236,rsETH,3209809,1.04,1.0,0xd8495b95a3a6a85f4e3baa003e8b7ed1ed85562d,False,False,0,0,1.04,1.27
kelp-2026,pre-hack,oft-adapter,2026-04-17 12:52:23,0x0dd4c13846f162675be181601337338a91f30be510c62b9c85d324ceee1c8b10,rsETH,3030528,0.99,1.0,0xf7462251c14d2fb83c7ab96367a7985423c83010,False,False,0,0,0.99,2.02
kelp-2026,pre-hack,oft-adapter,2026-04-17 13:17:47,0x7dc93e7f681367de20a38f355b0457e69d0a18f7bc4d8f7b6c652bbc6fb69a74,rsETH,2916883,0.96,1.0,0xf7462251c14d2fb83c7ab96367a7985423c83010,False,False,0,0,1.94,2.96
kelp-2026,pre-hack,oft-adapter,2026-04-17 13:44:59,0xc0ac89018de4b673292fe11f1bac46403719b072ad354985faea16120de44fd3,rsETH,2803238,0.94,0.9,0xf7462251c14d2fb83c7ab96367a7985423c83010,False,False,0,0,3.77,4.77
poly-2021,pre-hack,lockbox,2021-08-04 02:05:21,0xdd1212d04b0a3b69c358801d5be7ec5194a54d1d78b6decec11240e6ef2881ec,WETH,10413211,3.69,10.3,0xbe89dd352bfd244e7abdfb21da0d4ae85bb047c6,True,False,0,0,4.04,4.12
poly-2021,pre-hack,lockbox,2021-08-04 02:28:11,0x991742216a269475ceac2737439e5042706222b515eb713adf59ad6d3d271027,WBTC,9963712,3.69,20.6,0xbe89dd352bfd244e7abdfb21da0d4ae85bb047c6,False,False,1838672,0,8.01,8.14
poly-2021,pre-hack,lockbox,2021-08-09 10:03:19,0x8f1563a9f47a31f5af976109d12d7598d7ef7a237e6643b06e4f5219893f6ea8,WETH,5989749,2.26,6.8,0x136db1cdff916f3a9269519a6e453586a9a4c025,True,False,40000,0,2.26,2.26
poly-2021,pre-hack,lockbox,2021-07-30 13:40:42,0x32aaef5ef3d83c44c3a5372d08ef3ad1141fded58df1bb36b6108a21d36070a7,USDC,5770894,1.97,5.8,0xd7b2879c8922cd704e41e8cc1f18f6994d6b7c36,True,False,6622525,0,2.26,3.97
poly-2021,pre-hack,lockbox,2021-07-31 05:33:12,0x51189e1ba19197f46933dcb4a6c109656e88a94d2a940d62b1e4577253931eb5,WBTC,4595988,1.6,8.1,0x757db7c1d65b1d3144e2afb3de8aa3d6ee87594c,False,False,356028,0,1.48,5.77
poly-2023,pre-hack,lockbox,2023-06-22 04:50:47,0xb77454f8208cd61f91cb4d59ee15b236592f4393f669da2f076b3533adf4df7c,USDT,49974,0.57,1.8,0x2909b42c7297b8c185bfffa41fe7180e3ea0aa5c,True,False,0,0,0.57,0.57
poly-2023,pre-hack,lockbox,2023-06-22 00:53:59,0x70a3dc7a8df9f4f3afcd7fa7b35b401337882c334b8de24dd7a0d596a4ccad8b,USDT,21376,0.25,0.8,0xc476267c64c2a0f383fb14ce77ecef555071dd36,True,False,0,0,0.25,0.25
poly-2023,pre-hack,lockbox,2023-06-23 05:20:47,0x7d2a701030ceaad288aa24d748740dc9e360ef64749c35e25fead5accc044630,USDT,9980,0.11,0.4,0xd262925214df9809cf194bd56fa1fa7204055cae,True,False,0,0,0.11,0.11
ronin-2024,pre-hack,lockbox,2024-08-05 16:01:35,0x57df65ba81f3a956c15c03f3ffaef2b0f5d2e9889b9a7189ae2d6db1dc788750,USDC,206765,0.6,0.6,0x9ffad2ff3a59d8579e3b0edc6c8f2f591c94dfab,True,False,13400,0,0.57,0.85
ronin-2024,pre-hack,lockbox,2024-08-05 13:19:35,0x4c8589185ac7b9d0f70e19d7460a7d31af7b063a7981e8477052c07277838a9c,USDC,90142,0.26,0.3,0x7a5ba4a01d7671a474f8a1ea755f8ecb6e8af44c,True,False,0,0,0.28,0.3
ronin-2024,pre-hack,lockbox,2024-07-31 22:11:23,0x1bc8676e66dc49453adc416c95a3253d8595e1adfce6b17c053f1ef23c630066,USDC,81106,0.23,0.2,0x24706e0e7f4c7ed7585920942a828e355583162b,True,False,0,0,0.51,0.67
ronin-2024,pre-hack,lockbox,2024-07-31 21:54:11,0xc999e1859afa4b6e4cf920a900c2ce4aecb70a4654e84cf0cf7fc20781d3540c,USDC,49473,0.14,0.1,0x961dead3b6383d5ccc561624e58ac9ba6c2bda3b,True,False,0,0,0.14,0.3
ronin-2024,pre-hack,lockbox,2024-07-31 22:04:23,0x23d37b2c98590e21dc3883ce626137e130bac15a50062964bb6c7cf262be58d8,USDC,48992,0.14,0.1,0x1f7712592ccdb63ed6ce4ac7ddf27169bb4f38df,True,False,0,0,0.28,0.44
shibarium-2025,pre-hack,lockbox,2025-09-06 05:39:23,0x2d6e9a93b9ec456a3b32533658d81a5b5f66f81bb497b867880316d4d41fb05f,KNINE,11940,0.59,1.6,0xf8bc0f904b4fa18b660f09b9f679b2586b735da6,True,False,0,0,0.59,0.59
shibarium-2025,pre-hack,lockbox,2025-09-10 02:07:35,0x4afeb2a912c359b87754942223a0c2596be5c2612ae1449dc5efe482fd1fc292,SHIB,1366,0.07,0.1,0x05fedf6608d3230c40a626f7c3b5c09a6f34e18a,True,False,0,0,0.07,0.07
shibarium-2025,pre-hack,lockbox,2025-09-02 05:38:47,0xfaef9bbd89dbaeffacd99c131fb9bde4e76071248ea918d0478a44b870c64e4b,SHIB,607,0.03,0.0,0x67e4d3fc17a98786a8f4f78d8d463c4b8c0b6e2f,True,False,0,0,0.03,0.03
shibarium-2025,pre-hack,lockbox,2025-09-02 18:36:47,0xdbcec444f55f1f34feb86d87163a7a1c4582cee1a61d74dce9c7e49c474d5875,KNINE,328,0.02,0.0,0xf141c3ecd2c614f000b17cf2477251bdefc1a51f,True,False,1,0,0.02,0.04
shibarium-2025,pre-hack,lockbox,2025-09-10 08:20:59,0x621021f2a351a047f9fc627904fbd393fad378762b8a69b0c6772c3f653eee62,USDC,300,0.01,1.4,0x3e8c91472fc50a8528e448ff501af9bf8c00cceb,True,False,0,0,0.01,0.08
verus-2026,pre-hack,lockbox,2026-05-11 09:53:35,0xa6c911b1b27b6b3c7e08cae15898c2f1874ff3a90ca8d9fc6a86e5a1fd36d139,tBTC,87454,1.04,1.1,0xd6db3b41c959b9cb8aa72aaad867005bebf5f1ce,True,False,0,0,1.04,1.04
verus-2026,pre-hack,lockbox,2026-05-12 15:50:23,0x1cddce9da3195b0f04eb2325521e7850aec4071aa7b9e15af2877e6655f5531c,tBTC,15634,0.19,0.2,0x16770eafcdbeff2ae73ccd680694f53a8d40df55,False,True,0,0,0.19,0.19
verus-2026,pre-hack,lockbox,2026-05-16 09:38:23,0x67dbdda11dce338011b1335fdae5033b2abc37fcacd39b7ee69f39c44b16a033,DAI,10782,0.13,100.0,0x0000000000000000000000000000000000000000,False,False,10782,0,0.0,0.13
verus-2026,pre-hack,lockbox,2026-05-10 17:19:11,0xb4c8dc79a9cf7f65f1641320254198abff010f15312cdb66759bf94781a68602,tBTC,7500,0.09,0.1,0x158e2cd8678799f3a9fa7cbfd3f1df695406208c,True,False,0,0,0.09,0.09
verus-2026,pre-hack,lockbox,2026-05-07 07:30:11,0x10db0335f1beb30c0811467b686a32bd66720ad401a43c50e28c2709c8448ce4,tBTC,1944,0.02,0.0,0xc229ea150f397c423df9818deaa7e4c12a80ca0b,True,False,0,0,0.02,0.02
xbridge-2024,pre-hack,lockbox,2024-04-13 13:51:47,0x5b5d2fe7ebe7acc2c95a8d580ad31fd54279326cd1e180fd7d48f35ed771c81c,STC,3146,77.95,77.9,0xb34f709d19b66454909058fd62ce0507804a9197,True,False,2,0,77.94,78.47
xbridge-2024,pre-hack,lockbox,2024-04-14 15:44:11,0x7c6a07a5006bce713e006eca9c4d696b5bac2bbdcde35d3a8b338bc85ba15e76,STC,69,7.78,7.8,0x35ab35628b60046a407432e74c333dffe040dd36,True,False,69,69,7.78,7.78
xbridge-2024,pre-hack,lockbox,2024-04-20 20:12:35,0xdc54406cec75f771ebb0312e739c1a9a4ba7274bea9102bb4d7d100ad246498f,STC,3057,0.38,0.4,0xc5babc97d7754bd28a0ae811272c980979b3d976,False,False,0,0,0.38,0.66
xbridge-2024,pre-hack,lockbox,2024-04-18 09:48:23,0x651ba27365a35bfb13ec2f23ba693f9444d98d1617385a4d2a381f7910a965cf,STC,2990,0.36,0.4,0xc5babc97d7754bd28a0ae811272c980979b3d976,False,False,0,0,0.36,0.36
xbridge-2024,pre-hack,lockbox,2024-04-18 19:43:35,0x134ca61126348b976fa762e25fce06613d8e186b052e96b40164528f62acb04d,STC,2694,0.33,0.3,0xc5babc97d7754bd28a0ae811272c980979b3d976,False,False,0,0,0.33,0.33
harmony-2022,pre-hack,lockbox,2022-06-17 05:20:30,0x1a8ebd3284e5305707c85126574ce7dd047c4cfb6b349b72e93fb6f964f40495,USDC,6999898,7.47,12.9,0xdfe4f07d1f36b8d559b25082460a4f6a72531de2,True,False,0,0,7.54,7.61
harmony-2022,pre-hack,lockbox,2022-06-18 10:32:14,0xde7a2715cf1faf1b6f752db666279d456884a3adabb5b2ac4b2d9dccc8c6094a,USDC,2886842,3.47,6.2,0x56e18de2e49db755d4c2580e815765e2c01fa66e,False,False,0,0,3.52,6.93
harmony-2022,pre-hack,lockbox,2022-06-20 06:46:15,0xc7c186218c314fb909473a87dee1b97c3bf9465e950c15f15ab91bc2fbfb3748,USDC,1630465,2.06,3.8,0xd1ca5d2d74dae12b865c341077ac54504d548c2c,False,False,0,0,2.3,2.52
harmony-2022,pre-hack,lockbox,2022-06-17 22:35:46,0xab4c730515dd9db1b59812c43550deb4423c3bcb11f0601b6656bf507844fd7a,USDT,585211,0.69,5.0,0x981f2159cb42f264f4cc2d60c95edaa7d892c102,True,False,19977,0,1.34,10.79
harmony-2022,pre-hack,lockbox,2022-06-14 04:21:30,0x26255c402a284b310ef24fe226d282c05a6bf677bcbc878ba1d53719a9c15dc3,USDC,653296,0.68,1.2,0x21d9c1d2cdcb44b04e6ded64dd89bcf5fcb09ce5,True,False,4961,0,1.08,2.53
multichain-2023,pre-hack,mpc,2023-06-27 15:18:59,0x17d2470dfa24fac90a3548ef567a7330a22e9c50d2486af52a262e19a590f5b1,USDC,200191,0.18,0.3,0x8a43e670619973944cb573bb23688c24cc0b5131,True,False,0,0,0.18,0.47
multichain-2023,pre-hack,mpc,2023-06-30 03:43:35,0x334794369ca8f9ad578091e969b2e519bd239e34595efe3ea0a3c0b40f78f67d,USDC,199800,0.18,0.3,0xd76f1c2764a5f22548713cde767b5b752170d6d7,True,False,0,0,0.18,0.29
multichain-2023,pre-hack,mpc,2023-07-04 05:50:35,0xb081539d9f8f346008408b6d677392a78bff2dd8ae29cb712f2433da2c3456b9,DAI,186733,0.17,4.2,0x778f9c4c3b5e3d8d9fe9ef1224700cf93efc3184,True,False,850,0,0.17,0.29
multichain-2023,pre-hack,mpc,2023-07-01 05:07:47,0xdc8f7a43c0be71e4537a0822b1f740ad24a0fa4a9672c70d21a4fd3b9c09192a,USDC,166770,0.15,0.3,0xdb9614e5cac7be2c8fc730b9cb5944060dd5ac88,False,True,358,0,0.15,0.21
multichain-2023,pre-hack,mpc,2023-06-27 09:37:11,0xff50e36a4124d34326afd49a96bc1cc09172d5b4d76f4bfea312a09b5b3188e4,DAI,149850,0.13,3.2,0x6704a081d85746d50249ecb6dbc756ffcbd5d108,True,False,0,0,0.13,0.29
nomad-2022,pre-hack,lockbox,2022-07-25 05:50:24,0xe8b990f8948b340d7622bd03d2b4f4224dd64d870521ccf5132d5d77c9e710c0,USDC,9485257,5.4,10.6,0x3c0fa0643322feff1b54c3b19de6aa6fa2e1fa03,False,False,13178,0,7.82,8.96
nomad-2022,pre-hack,lockbox,2022-07-25 05:51:06,0x4316051e9b30faff34e141380708d52b2124cfc406fe70ebff65f93e70ca20a5,FRAX,5979554,3.6,45.8,0x3c0fa0643322feff1b54c3b19de6aa6fa2e1fa03,False,False,13178,0,11.14,12.24
nomad-2022,pre-hack,lockbox,2022-07-25 05:42:07,0x9a88eb77a877ee723b467ef91c80eeb6703af7a345f29b24ed7eec17834a500f,WBTC,4582556,2.54,17.3,0x3c0fa0643322feff1b54c3b19de6aa6fa2e1fa03,True,False,12719,0,2.55,3.76
nomad-2022,pre-hack,lockbox,2022-07-27 21:08:16,0x75f859caad05aebf697ff9094648f7cd4b78bc16a2ff89796bdcfc7f7ad02d68,WETH,1690140,1.08,5.0,0x9cbf099ff424979439dfba03f00b5961784c06ce,False,True,129722,3763617,4.0,4.25
nomad-2022,pre-hack,lockbox,2022-07-27 21:07:36,0x4877a1fbb77ea535c2fa7f2fe38371a505692a32b085311a38651f04dd7946f3,WETH,1594891,1.01,4.5,0x9cbf099ff424979439dfba03f00b5961784c06ce,False,True,129722,3763617,2.95,3.2
orbit-2023,pre-hack,lockbox,2023-12-28 06:42:59,0x5270a7366d7f4322ec184dede7804d51b8193da3ea34939f3418f133701449ec,USDT,164835,0.23,0.5,0x8fac89bc2a56be306fd54656945d12b7ade8ff81,False,False,11391,0,0.22,0.24
orbit-2023,pre-hack,lockbox,2023-12-22 08:28:23,0x13932180cac8a5d10f6becab9514e4b6f25be368b72f07f7a8d671b92bb5da0e,USDT,153090,0.22,0.5,0x85e6ef69f711d2c74016da58ed5ea023a47c548d,True,False,299987,0,-0.21,0.22
orbit-2023,pre-hack,lockbox,2023-12-22 06:26:35,0x334189a2058caafe2a3bc4a2f92d58a32cd8dda069d96960097836e2362c98ec,USDT,119880,0.17,0.4,0x8fac89bc2a56be306fd54656945d12b7ade8ff81,True,False,326158,0,-0.3,0.17
orbit-2023,pre-hack,lockbox,2023-12-30 17:56:35,0xf71bd67a7100a6724fd3d56ef1fd5f20691cf00e6b308a78ebb0b1cf64817e93,USDT,97137,0.14,0.3,0xbd2830ba5357ec1eb49874e9df14317229ba06d2,False,False,0,0,0.17,0.19
orbit-2023,pre-hack,lockbox,2023-12-24 12:44:47,0x816066e273e84675cfeeb126a8e8e024250daae6e273c18d8db556b48ee1681f,USDT,92496,0.13,0.3,0x49f01d46f2c9905db315b7b46b59c83d44e8ae61,True,False,0,0,0.13,0.16
ronin-2022,pre-hack,lockbox,2022-03-14 12:47:21,0x2b1266f7d8044b4d92266af03c97b7012ad31a360a6f6fdd22f9dd16b783bf0c,WETH,3054922,0.56,0.6,0xc02aaa39b223fe8d0a0e5c4f27ead9083c756cc2,,False,22613,4815839,0.57,1.1
ronin-2022,pre-hack,lockbox,2022-03-17 21:00:22,0xa05c9fd6dc495ecbcbfd7fd419e78c05315021747f69487e2e8bf4e2ed7aa652,WETH,1776720,0.33,0.3,0xc02aaa39b223fe8d0a0e5c4f27ead9083c756cc2,,False,21751,8287461,0.34,0.78
ronin-2022,pre-hack,lockbox,2022-03-14 01:46:39,0x6e07a39803faade5366311cc0f7423b1af93851ae7940b2c96b683590266eb8e,WETH,1332540,0.25,0.3,0xc02aaa39b223fe8d0a0e5c4f27ead9083c756cc2,,False,37183,4763150,0.24,0.41
ronin-2022,pre-hack,lockbox,2022-03-17 19:17:50,0xc859e7fe60271d64cbbaab84b478d9b204a60cbc7ea95c2279dd1bf24a5faded,WETH,1110124,0.21,0.2,0xc02aaa39b223fe8d0a0e5c4f27ead9083c756cc2,,False,41070,7579671,0.4,0.42
ronin-2022,pre-hack,lockbox,2022-03-17 19:02:36,0xba9a1f9f2bf44a6c3cd954b37d16f5fa506b19980982a47a575b1cfc2076ce04,USDC,1050200,0.19,3.9,0x2638926bc117e251ad2e86154287274e6c82a8fd,False,False,41294,0,0.19,0.22
across-spokepool-7d,normal,pool,2026-10-05 07:27:11,0x54d1a25774c5c5b4706c429e67ceb3648f80de1bfe198cbf770747e692ee633b,WETH,1304141,85.93,92.5,0x07ae8551be970cb1cca11dd7a11f47ae82e70e67,False,True,1556699,1264525,84.72,87.91
across-spokepool-7d,normal,pool,2026-10-06 01:57:59,0x12445e3e127e8250d2507f670e0613400d72d7e3ca9fff067cc52e9a1797159a,WETH,826880,65.69,74.8,0x07ae8551be970cb1cca11dd7a11f47ae82e70e67,False,True,2168112,1323464,52.5,75.55
across-spokepool-7d,normal,pool,2026-10-06 03:32:23,0xc671781e3c9d712c96adde408044924ae82a28bdf233600b7ddc6636150f7b26,WETH,405747,60.21,78.7,0x07ae8551be970cb1cca11dd7a11f47ae82e70e67,False,True,951783,1326789,63.3,84.82
across-spokepool-7d,normal,pool,2026-10-05 01:37:35,0x0def56de61e314e9a043d9eadb493b01ff3c16a1181637da0fb7ee4f939c2120,WETH,379217,59.33,66.1,0x07ae8551be970cb1cca11dd7a11f47ae82e70e67,False,True,1114239,1063989,-26.77,68.19
across-spokepool-7d,normal,pool,2026-10-06 03:00:59,0xf9875036821d033615fabf25ef1cf4b6de55c497d136032c44be546262e88330,WETH,396936,59.13,83.1,0xc186fa914353c44b2e33ebe05f21846f1048beda,False,True,1839835,2963914,-5.3,84.47
celer-cbridge-30d,normal,pool,2026-10-02 02:18:23,0xa2cda59481fae665913dd8652dfe30e24107d8ecd9f06be680741065e6abed99,USDC,249965,14.88,42.2,0x8988530e4a525c1ce6920a85392b720e68e461a5,True,False,400,0,14.86,14.88
celer-cbridge-30d,normal,pool,2026-09-21 19:19:47,0xeaacbad8fe350989628f750d661ef0cb1fa4b04e1ea86fc1ab21dbb989864453,USDT,199970,13.28,36.2,0xeae523397cb7e43a4e13b8aa930f6ea501f7bba9,False,True,0,0,13.28,23.11
celer-cbridge-30d,normal,pool,2026-09-30 12:29:47,0x7f787804bebbed345edff540e415da4dec3d4446cc90669a9fb71d34f14c6431,USDC,220340,12.74,34.2,0x5bc760b09dc6d2cca14e681aab1b9f7b590a02f9,True,False,500,0,12.74,12.74
celer-cbridge-30d,normal,pool,2026-09-21 11:20:35,0xe4b00a8fccfba13dc93ecf9a55236208a8b41943ffce57f6e58bc437bbc5ae86,USDC,199970,11.78,30.7,0x4e1871b79717e2c5bfdaf94b1b52ac8bae28dd45,True,False,3517,0,11.6,11.78
celer-cbridge-30d,normal,pool,2026-09-11 21:59:47,0xe1626c71af8aafcd5d14780933d8d16dbb5dd66459c2b2044abcebd5d94b01ce,USDT,138562,8.0,27.2,0x86c684e61cf0202a78e6a2225523b465c063a36d,True,False,7366,0,8.0,9.56
kelp-rseth-adapter-prehack-30d,normal,oft-adapter,2026-03-09 09:26:23,0x3f1393e24830ed648bfc3f8e587092e2b28d43d2cf1957ea1be2cea9b94f25b2,rsETH,4499222,1.53,1.5,0xf7462251c14d2fb83c7ab96367a7985423c83010,False,True,4499222,13497666,1.53,1.53
kelp-rseth-adapter-prehack-30d,normal,oft-adapter,2026-03-20 09:38:11,0x8cb65bc6838ca6f939e521bcedd7960cfcc980e2fc8b5d7a909d3553145c245c,rsETH,3486897,1.24,1.2,0xf7462251c14d2fb83c7ab96367a7985423c83010,False,True,1192294,0,2.41,4.62
kelp-rseth-adapter-prehack-30d,normal,oft-adapter,2026-03-20 08:38:11,0x5ff16c11fccefa03cb56a22da60e49021408da9b938d39954821a90d576e1eef,rsETH,3486897,1.21,1.2,0xf7462251c14d2fb83c7ab96367a7985423c83010,False,True,1192316,0,1.56,2.26
kelp-rseth-adapter-prehack-30d,normal,oft-adapter,2026-03-20 09:18:35,0x90eac53c6f58e819fb830afd3f8a08a204de4bb7b470864e72e5951f63c9848a,rsETH,3374416,1.19,1.2,0xf7462251c14d2fb83c7ab96367a7985423c83010,False,True,1192294,0,2.72,3.42
kelp-rseth-adapter-prehack-30d,normal,oft-adapter,2026-03-23 12:51:23,0x0acab6d102472d3e97e50328575206c1831a23583cdb63bc4afba5f67cc0b95c,rsETH,2249611,0.81,0.8,0xf7462251c14d2fb83c7ab96367a7985423c83010,False,True,2249611,0,0.81,0.81
polygon-pos-erc20-30d,normal,lockbox,2026-09-16 17:12:23,0x9fff2e11c258707691ed710f3f379da1034f23e041e0adb21ba087d55540749f,USDC,7788905,0.45,0.7,0xe69f81b825d7dc31ee9becef4dbeab5cf30e3abb,False,False,0,0,0.45,0.55
polygon-pos-erc20-30d,normal,lockbox,2026-10-06 12:09:23,0xa9c94cbb858b68863002852c6f384d83c9add44364002adc74264e1826c85f35,USDC,4868135,0.29,0.5,0xe69f81b825d7dc31ee9becef4dbeab5cf30e3abb,False,False,1327252,0,0.3,0.46
polygon-pos-erc20-30d,normal,lockbox,2026-09-18 09:45:23,0xf1196325b850ce0ed8b35925359b8327933a8e6d72b94f5c7924d07f8c5328be,USDC,4505761,0.26,0.4,0xe69f81b825d7dc31ee9becef4dbeab5cf30e3abb,False,False,1216381,0,0.25,0.27
polygon-pos-erc20-30d,normal,lockbox,2026-09-25 16:50:23,0x1b79ba4ec23990a23a2fdf80187bb7fa64f914bed85b436a962e5eb33cc01160,USDC,4307570,0.26,0.4,0xe69f81b825d7dc31ee9becef4dbeab5cf30e3abb,False,False,0,0,0.37,0.74
polygon-pos-erc20-30d,normal,lockbox,2026-09-24 01:20:47,0x91d1d007ee04e0129b1f0697139ee6ba068515c9ba2a0a8095586280df9cc586,USDC,4110022,0.24,0.4,0x1891b583a86daf0f149ba9712a61506138526c6f,False,False,108345,0,0.24,0.25
polygon-pos-erc20-usdc-depeg-2023,stress,lockbox,2023-03-11 19:22:23,0x906e10aa7d0224388218646f816c4291c6bb672cb15e292a3d63bbcd53b236eb,USDT,10000000,0.55,1.3,0x742d35cc6634c0532925a3b844bc454e4438f44e,False,True,595518,0,0.59,1.66
polygon-pos-erc20-usdc-depeg-2023,stress,lockbox,2023-03-14 16:07:11,0x2b00a49429e499a7bc7efd2fc36fa3341804eea931e367d1625ff965be4dde5d,USDC,8783064,0.49,1.2,0x783a6c1dbb6cae94b3cc7be3cf60abca14b828ac,True,False,83134,0,0.49,1.36
polygon-pos-erc20-usdc-depeg-2023,stress,lockbox,2023-03-14 22:13:11,0xe8c70939b1d66081e02db2c3b85721c01df0c4ecad814e2071973415a32e8cbf,USDC,7020570,0.4,1.0,0xc6c968ee153a0b62325139c8b90198ff31555203,True,False,89889,0,0.39,1.4
polygon-pos-erc20-usdc-depeg-2023,stress,lockbox,2023-03-23 18:59:11,0x96e8d66eab2c8fe75d4d5da48ef89624118bfb8c363f583089012ca5dd813ceb,USDC,5899405,0.35,1.0,0x307d549ae4b4690232eaf5faad2c38793e77f483,True,False,264,0,0.35,1.66
polygon-pos-erc20-usdc-depeg-2023,stress,lockbox,2023-03-13 21:54:11,0xef007e1d7ccb5cd0e7d11f53b2b246dc591f0de9d54c7a2d0cdacf604683fcc5,USDC,6110001,0.34,0.8,0x76419cc7c40f2ff1d4a0648b97cf40a359396af0,True,False,164230,0,0.36,1.17
ronin-gateway-30d,normal,lockbox,2026-09-28 12:41:47,0x55849215ec8681a1d22519d95c2bb24cef2a89bb3aef1707242d1f907e885f29,USDC,26500,4.89,4.9,0xb08ab4332ad871f89da24df4751968a61e58013c,True,False,0,0,4.89,4.89
ronin-gateway-30d,normal,lockbox,2026-09-28 07:57:47,0xfc14956b237c9167b7f9268c468351bdc7b8c797e8dfa67600ed25140c9e894d,USDC,604,0.11,0.1,0xf7f6f7ec25c52c3e4794c9e2d32020ec00c07dc2,True,False,0,0,0.11,0.11
ronin-gateway-30d,normal,lockbox,2026-09-22 01:07:11,0x31e015f30b79ef46b70ef0e729c628615fa9e787e288697ba9faf78c9a872584,WETH,113,0.02,7.2,0xd57fa5c3e347c1bb4f944ba124f166f704d82186,True,False,217,0,0.0,0.02
ronin-gateway-30d,normal,lockbox,2026-09-22 01:08:35,0xda568e5ecada960c6a9a58691256e583dc5ede161ad551d77ceb408582d7e013,WETH,103,0.02,6.6,0xe79421fd0638d530ec1cf306a18326f32d534231,True,False,217,0,0.0,0.02
ronin-gateway-30d,normal,lockbox,2026-09-29 13:56:23,0xd1b607755bdd5131aef82dcd1b8e9d013969603f22febfa1ed6f9d84b4bc0ebc,USDC,71,0.01,0.0,0x67ed35ed9d3bbb0b82596f4e0e07499a87aac518,True,False,0,0,0.01,0.02
stargate-v2-usdc-30d,normal,pool,2026-09-11 15:32:11,0xdd729e51c398786474880ff29f9f3bb37d138b195d6efea70a601320e532e612,USDC,9198114,16.11,16.1,0x05ff6964d21e5dae3b1010d5ae0465b3c450f381,True,False,30130,0,16.09,24.35
stargate-v2-usdc-30d,normal,pool,2026-09-13 17:50:23,0x7c899c42a9e458ac5acb99e9a2985515ee32a4db48c5d8980641ab6a563f1ab4,USDC,1226826,2.4,2.4,0xf70da97812cb96acdf810712aa562db8dfa3dbef,False,True,5589,1026819,2.41,22.33
stargate-v2-usdc-30d,normal,pool,2026-09-11 16:56:23,0xc387af196bb49f652fb700df7b92861df7b52c1b9199abb2c942308fdc16e738,USDC,1022860,2.17,2.2,0xf70da97812cb96acdf810712aa562db8dfa3dbef,False,True,22308,15357,3.82,27.25
stargate-v2-usdc-30d,normal,pool,2026-09-11 19:58:35,0xb0169ad4a1568ca5de78f2363ccf8858db7354fa3a1b9a74ccc685398b2dbc2d,USDC,1012114,2.08,2.1,0xf70da97812cb96acdf810712aa562db8dfa3dbef,False,True,3431994,7691,-2.14,24.7
stargate-v2-usdc-30d,normal,pool,2026-09-12 20:25:23,0x2ac0dfebb2e5270d635ad412a386fa0e46ba216156b49b90b1c2b2b257a2fdac,USDC,1053977,2.02,2.0,0xf70da97812cb96acdf810712aa562db8dfa3dbef,False,True,0,34510,3.89,5.72
usdt0-oft-adapter-30d,normal,oft-adapter,2026-09-14 02:50:23,0xc3d9cab44b62e6632e6793a1b0618768c5f73366953b2e080b429ca40b093a1f,USDT,80000000,2.53,2.5,0xe69f81b825d7dc31ee9becef4dbeab5cf30e3abb,False,False,10045783,0,2.23,2.57
usdt0-oft-adapter-30d,normal,oft-adapter,2026-09-30 07:07:23,0x838abbc2d630106e200ebdcb2acdeb46ba6af47d8a7e808158057bb5ae444519,USDT,45000000,1.3,1.3,0xd00e0079b8cab524f3fa20ea879a7736e512a5fc,True,False,50303785,0,0.58,2.23
usdt0-oft-adapter-30d,normal,oft-adapter,2026-09-25 14:11:59,0x19ada86317ac4a92a1b51b0a5dec6cf4fe99251052121bd6d440ca37f7e9cb16,USDT,40000000,1.14,1.1,0xe69f81b825d7dc31ee9becef4dbeab5cf30e3abb,False,False,400256,0,1.14,1.15
usdt0-oft-adapter-30d,normal,oft-adapter,2026-09-11 14:34:35,0xa3332dc1dd5b796a16a4ec8e962a95edb8db1000606099d94f046ad81127ad4e,USDT,36002111,1.12,1.1,0xaa8ba7d4611437141192e7ceced531bc0a133efb,False,True,2133221,0,1.19,1.28
usdt0-oft-adapter-30d,normal,oft-adapter,2026-09-14 20:37:11,0x8e6cb42bc33c984149eace2595f5712e37b2e6841af9d4902f3e5f96a1ca595d,USDT,23250993,0.74,0.7,0xaa8ba7d4611437141192e7ceced531bc0a133efb,False,True,311123,0,0.75,1.84
wormhole-portal-30d,normal,lockbox,2026-09-11 17:05:35,0x956c68fd1773ff8a13aa502260162736230b3dee28aa2e1506055a89b912e47c,WBTC,921243,0.27,0.4,0xa28f81ad2ba9b7f2cc37223b399622a39edb493f,False,False,25771,0,0.52,0.64
wormhole-portal-30d,normal,lockbox,2026-09-11 17:09:11,0x9f112844cfcd4e96d7d78b9794c3f8b90e547715d95568a6332a192165e79396,WBTC,879368,0.26,0.4,0xa28f81ad2ba9b7f2cc37223b399622a39edb493f,False,False,25771,0,0.77,0.9
wormhole-portal-30d,normal,lockbox,2026-09-11 16:58:47,0x82069244aa455d187bf33427b8864d0327e49db9c6ebc1186b91d0343835ee87,WBTC,837494,0.24,0.4,0xa28f81ad2ba9b7f2cc37223b399622a39edb493f,True,False,25771,0,0.25,0.38
wormhole-portal-30d,normal,lockbox,2026-09-15 20:08:35,0x21313ed059e5584f3d61cea72328a89668806adecf363733d034638b22df9beb,WBTC,293123,0.09,0.1,0xd411d428a63cf4c7029bc53f0e0f56c4933fdbb7,False,True,1359456,1006962,-0.31,0.09
wormhole-portal-30d,normal,lockbox,2026-09-26 16:17:23,0x47d68d1bf43fcfb682274dfc0bce550deb533c3d8330f6a8a28bcbce440d9f64,WETH,182653,0.05,0.2,0xbf5f3f65102ae745a48bd521d10bab5bf02a9ef4,False,True,0,725989,0.05,0.07
wormhole-portal-ftx-2022,stress,lockbox,2022-11-08 20:20:35,0xff733d0dc16999e9b55f823a9ab7ac321ea2357ddb8a56065262a56ba58003f6,USDC,4205692,3.45,9.7,0x36d46d4deeee47b9cdddea076e3347701e15baaa,True,False,5135166,0,3.71,4.96
wormhole-portal-ftx-2022,stress,lockbox,2022-11-09 16:47:35,0xb562c0ea0814ff94b40ac2ca1856c7d295bf297d36f865d8240cb57caa6f37fd,USDC,4000000,3.25,8.6,0x584cd92b438479ea1957c3ea649e62e797dc3749,True,False,15943020,0,-1.98,3.73
wormhole-portal-ftx-2022,stress,lockbox,2022-11-12 03:41:35,0x949f35cec37f47c21b2c230c86cd5c7fabfabc84460efb7cfe264c1bf0c48287,WETH,3548880,3.24,7.6,0xc02aaa39b223fe8d0a0e5c4f27ead9083c756cc2,,False,722557,938107,6.12,7.32
wormhole-portal-ftx-2022,stress,lockbox,2022-11-12 03:40:11,0x191b14cb96a175da2637c7f560b8c28bfb5de03a8b4ab25a67f9736f60e759e8,WETH,3548880,3.14,7.0,0xc02aaa39b223fe8d0a0e5c4f27ead9083c756cc2,,False,722557,938107,2.97,4.22
wormhole-portal-ftx-2022,stress,lockbox,2022-11-15 08:57:59,0xaf6544d3f291b4d93c0df86396975876174450da334dc5750dbfde6072d544b3,USDC,2997808,2.93,7.4,0x3026afdcc7b93c809f3e243f73c54f3535ae4e55,False,False,1648926,0,1.97,2.94
arbitrum-30d,normal,rollup,2026-10-07 02:55:35,0xfc1ada8956bd512ec8dc9fac9fd37678d7b24f4ced81146f4d2cd5fae2177c64,WBTC,2093734,0.34,0.3,0x7df25ed19086f00e0539c7c9a2a6234e0689905e,True,False,0,0,0.34,0.34
arbitrum-30d,normal,rollup,2026-09-13 09:31:35,0xbb6e3afcf0426b962ad59bacde86f59c2f952375ec637c5c881fbfe60cf5ff00,WBTC,440755,0.07,0.1,0xc186fa914353c44b2e33ebe05f21846f1048beda,False,False,0,0,0.07,0.07
arbitrum-30d,normal,rollup,2026-09-11 14:24:59,0x4af29b905e666840ebf923af5db4096b6e564c9f0247b1785089f1a65783dd1a,WBTC,418747,0.07,0.1,0xa22946a48253ac303b5b765a715f92f27f44d37a,True,False,1770260,418747,-0.04,0.07
arbitrum-30d,normal,rollup,2026-09-24 10:02:11,0x691936381cced479dd8dfbcc3dd648457aa80362c48cd5e58226312b9addeebb,WBTC,412811,0.07,0.1,0xc186fa914353c44b2e33ebe05f21846f1048beda,False,False,71195,0,0.06,0.07
arbitrum-30d,normal,rollup,2026-09-10 19:01:59,0x084f1c6204fad781cbf8ff7fac5cfaa4f5f17954c5c7636bc577649b7ef2d989,WBTC,395754,0.06,0.1,0xc186fa914353c44b2e33ebe05f21846f1048beda,False,False,385342,0,0.02,0.06
base-30d,normal,rollup,2026-09-18 17:59:35,0xe99c4e84d063c673cdfbbe50a55268db4b7ad7366633410f18900906c4901145,USDT,540039,1.56,2.0,0x419b62390b9523aab77c6c757b086511bb551494,True,False,1747,0,1.56,1.56
base-30d,normal,rollup,2026-09-16 20:52:59,0xc986c9d8e19c56c1d698748786fdc68b6bd27e9e5db48825c268a750052ecb55,USDC,135000,0.39,2.3,0x7a67ba2242b50dd0f12d5f8bd17b28acc885653b,True,False,2810,0,0.45,0.46
base-30d,normal,rollup,2026-10-07 01:00:11,0x0779a8b55f96d3394a16d1961ccc8612d13adbf51d22f49ad4ad88e8376480df,USDC,135000,0.38,2.3,0x1ec51e187f36b137d8c287c81d36c5b9187c25af,True,False,1,0,1.04,1.22
base-30d,normal,rollup,2026-10-07 01:00:11,0xeaca2fb883369e5fb0cb1677b62f10e1d5756f81c7ab4530c51fbf8ff0313a39,USDC,135000,0.38,2.2,0x9c2028babbaea887687edd79c589b09f4010e656,True,False,1,0,0.38,0.56
base-30d,normal,rollup,2026-09-30 19:01:23,0x00234589172c5bb47f0a34bdc00b0e9240081b89a86e75c2fba65274ae53cd10,USDT,116783,0.33,0.4,0xc186fa914353c44b2e33ebe05f21846f1048beda,False,True,7205,134990,0.31,0.33
multichain-2023-normal-30d,normal,mpc,2023-03-12 00:03:23,0xdf8449e03a92a42a7f61b166ba6b755f46a471c4fcaefec5b90c4c7468d0efba,USDC,8118240,4.05,8.2,0x66b870ddf78c975af5cd8edc6de25eca81791de1,False,True,2602000,2600000,3.57,15.22
multichain-2023-normal-30d,normal,mpc,2023-03-11 10:30:11,0x2a11c835b03ee281f4985e1db070ecbf4e8ef575b876598c8f031e05029ec40c,DAI,5164510,2.44,13.5,0x82287cdda3d1b5d26d49ce03280d07b86d54fe54,False,True,672518,2000000,4.28,9.13
multichain-2023-normal-30d,normal,mpc,2023-03-11 10:17:11,0xd79621c8e8b94d27d8147938c1a174ce09c52d9cdd299aa49501bc2a33a0be6a,DAI,3546440,1.65,8.5,0x66b870ddf78c975af5cd8edc6de25eca81791de1,True,False,672518,2600000,2.01,6.97
multichain-2023-normal-30d,normal,mpc,2023-03-12 00:49:59,0x3d6a9f7b2fe7da823dd9c7549516b5369d549de2040560f6bdb09a45c6d04b71,USDC,3163410,1.63,3.5,0x66b870ddf78c975af5cd8edc6de25eca81791de1,False,True,1602000,2600000,4.95,15.99
multichain-2023-normal-30d,normal,mpc,2023-03-26 06:31:23,0x2c72bde4cff1079529c75012abfd1efc42a23f323b86cb0595f203a9e6c2079d,WETH,2707774,1.43,13.7,0x4188663a85c92eea35b5ad3aa5ca7ceb237c6fe9,False,True,805,0,1.43,1.59
optimism-30d,normal,rollup,2026-09-29 15:09:59,0x8c320a26e63b929f932686de06ddad3fca0f00f5ea117f6f8ec03a792c5923c0,USDT,1438766,0.4,0.5,0x2ce910fbba65b454bbaf6a18c952a70f3bcd8299,False,True,197472,49614,0.37,0.4
optimism-30d,normal,rollup,2026-09-22 11:15:47,0x1b1e22a860853ae8da9a82bbb306900ba3642ec488cbd7327d84ba5fed27880c,USDT,1020996,0.3,0.4,0x2ce910fbba65b454bbaf6a18c952a70f3bcd8299,False,True,220260,62482,0.25,0.3
optimism-30d,normal,rollup,2026-09-10 22:08:59,0xcc71e0b99724024f57002d9daeafc53da0e8856184a098bc41c22cb649452a58,USDC,551283,0.18,2.2,0x05ff6964d21e5dae3b1010d5ae0465b3c450f381,True,False,32788,0,0.17,0.18
optimism-30d,normal,rollup,2026-09-28 15:41:11,0x40dfe9c28032de69e43f27d6e4d4679901cd6c8b3b539b97ec7d220117796d8d,USDC,456403,0.13,1.8,0x05ff6964d21e5dae3b1010d5ae0465b3c450f381,False,True,317567,498407,0.08,0.13
optimism-30d,normal,rollup,2026-09-19 18:01:35,0xbcd3f1e60495e37817720b048f0bcc50b3881e6971b891a145c902a9a63135d2,WBTC,382321,0.12,0.6,0xc186fa914353c44b2e33ebe05f21846f1048beda,False,True,234301,2031,0.06,0.12
orbit-2023-normal-30d,normal,lockbox,2023-10-17 23:07:23,0x101e715b8f104172c1bdfc5fe9de5247ab9a5d868d1e9ccb68b55c5675f2ad14,USDC,657978,0.95,5.3,0xe51231daa306acf16eac34a864564ca36b262a1f,False,False,0,0,1.88,1.89
orbit-2023-normal-30d,normal,lockbox,2023-10-17 23:07:11,0xff503283a38c605782d8f9904075fc60357f0224fcbde7ea5237aa7749a1a137,USDT,658228,0.94,1.8,0xe51231daa306acf16eac34a864564ca36b262a1f,False,False,0,0,0.94,0.95
orbit-2023-normal-30d,normal,lockbox,2023-10-23 08:27:11,0x35188321f6756baff26be96e0b2fbf4e05855d14f474d87c02651cddb0fc6858,WBTC,258422,0.38,2.7,0x39b5d122c38a67301596d6c0285f20792710a33a,False,False,0,0,0.38,0.43
orbit-2023-normal-30d,normal,lockbox,2023-10-25 08:31:35,0x1a8a5a1e6a5f329466ae894924bf075e9f21a169c955075bce7cf1ef101533de,USDT,249909,0.37,0.7,0x068a7190adb826f146c0e2aae8d289fd5cf87238,True,False,0,0,0.37,0.42
orbit-2023-normal-30d,normal,lockbox,2023-10-25 23:32:47,0x5650d12e0e11dd00b9b35f02d0bfa39d29cedf8b1adf119c3a3045fe57dda955,USDT,150294,0.22,0.4,0xe51231daa306acf16eac34a864564ca36b262a1f,False,False,0,0,0.44,0.75
