policy,hacks_detected,hacks_at_floor,hacks_before_half,mean_stolen_before_share,excess_loss_musd,median_latency_s,pages_per_bridge_week_all,pages_per_bridge_week_nonpool,pages_per_bridge_week_pool,pages_per_bridge_week_normal_windows,pages_per_bridge_week_prehack,warnings_per_bridge_week_all,worst_window,worst_nonpool_window,windows_over_1_per_week,nonpool_windows_over_1_per_week,total_pages_in_fa_periods,nab_lowfp,misses
size 0.2 fresh None net1h 0.2 crowd None spike None win 600 floor 1e+06,13,11,4,0.698,54.0,10.0,0.013,0.0,0.121,0.018,0.0,0.366,across-spokepool-7d 1.75,force-bridge-2025 0.00,1,0,1,90.5,1
size None fresh None net1h 0.2 crowd None spike None win 600 floor 1e+06,13,11,4,0.698,54.0,10.0,0.013,0.0,0.121,0.018,0.0,0.366,across-spokepool-7d 1.75,force-bridge-2025 0.00,1,0,1,90.5,1
size 0.1 fresh None net1h 0.2 crowd None spike None win 600 floor 1e+06,13,12,4,0.686,44.2,9.0,0.026,0.0,0.241,0.037,0.0,0.366,across-spokepool-7d 1.75,force-bridge-2025 0.00,1,0,2,89.8,1
size 0.05 fresh None net1h 0.1 crowd None spike None win 600 floor 1e+06,14,13,4,0.686,44.2,6.5,0.052,0.029,0.241,0.037,0.091,0.366,across-spokepool-7d 1.75,nomad-2022 0.64,1,0,4,95.3,0
size 0.05 fresh None net1h 0.2 crowd None spike None win 600 floor 1e+06,14,13,4,0.686,44.2,6.5,0.052,0.029,0.241,0.037,0.091,0.366,across-spokepool-7d 1.75,nomad-2022 0.64,1,0,4,95.3,0
size 0.05 fresh 0.005 net1h 0.1 crowd None spike None win 600 floor 1e+06,14,13,4,0.67,7.4,6.5,0.065,0.044,0.241,0.055,0.091,0.614,across-spokepool-7d 1.75,nomad-2022 0.64,1,0,5,94.9,0
size 0.05 fresh 0.01 net1h 0.1 crowd None spike None win 600 floor 1e+06,14,13,4,0.67,7.4,6.5,0.065,0.044,0.241,0.055,0.091,0.471,across-spokepool-7d 1.75,nomad-2022 0.64,1,0,5,94.9,0
size 0.05 fresh 0.02 net1h 0.1 crowd None spike None win 600 floor 1e+06,14,13,4,0.67,7.4,6.5,0.065,0.044,0.241,0.055,0.091,0.405,across-spokepool-7d 1.75,nomad-2022 0.64,1,0,5,94.9,0
size 0.1 fresh 0.005 net1h 0.1 crowd None spike None win 600 floor 1e+06,14,13,4,0.67,7.4,6.5,0.065,0.044,0.241,0.055,0.091,0.614,across-spokepool-7d 1.75,nomad-2022 0.64,1,0,5,94.9,0
size 0.1 fresh 0.01 net1h 0.1 crowd None spike None win 600 floor 1e+06,14,13,4,0.67,7.4,6.5,0.065,0.044,0.241,0.055,0.091,0.471,across-spokepool-7d 1.75,nomad-2022 0.64,1,0,5,94.9,0
size 0.1 fresh 0.02 net1h 0.1 crowd None spike None win 600 floor 1e+06,14,13,4,0.67,7.4,6.5,0.065,0.044,0.241,0.055,0.091,0.405,across-spokepool-7d 1.75,nomad-2022 0.64,1,0,5,94.9,0
size 0.2 fresh 0.005 net1h 0.1 crowd None spike None win 600 floor 1e+06,14,13,4,0.67,7.4,6.5,0.065,0.044,0.241,0.055,0.091,0.614,across-spokepool-7d 1.75,nomad-2022 0.64,1,0,5,94.9,0
size 0.2 fresh 0.01 net1h 0.1 crowd None spike None win 600 floor 1e+06,14,13,4,0.67,7.4,6.5,0.065,0.044,0.241,0.055,0.091,0.471,across-spokepool-7d 1.75,nomad-2022 0.64,1,0,5,94.9,0
size 0.2 fresh 0.02 net1h 0.1 crowd None spike None win 600 floor 1e+06,14,13,4,0.67,7.4,6.5,0.065,0.044,0.241,0.055,0.091,0.405,across-spokepool-7d 1.75,nomad-2022 0.64,1,0,5,94.9,0
size None fresh 0.005 net1h 0.1 crowd None spike None win 600 floor 1e+06,14,13,4,0.67,7.4,6.5,0.065,0.044,0.241,0.055,0.091,0.614,across-spokepool-7d 1.75,nomad-2022 0.64,1,0,5,94.9,0
size None fresh 0.01 net1h 0.1 crowd None spike None win 600 floor 1e+06,14,13,4,0.67,7.4,6.5,0.065,0.044,0.241,0.055,0.091,0.471,across-spokepool-7d 1.75,nomad-2022 0.64,1,0,5,94.9,0
size None fresh 0.02 net1h 0.1 crowd None spike None win 600 floor 1e+06,14,13,4,0.67,7.4,6.5,0.065,0.044,0.241,0.055,0.091,0.405,across-spokepool-7d 1.75,nomad-2022 0.64,1,0,5,94.9,0
size 0.05 fresh 0.005 net1h 0.1 crowd None spike 10.0 win 600 floor 1e+06,14,14,4,0.667,0.0,6.5,0.105,0.073,0.362,0.092,0.137,0.85,across-spokepool-7d 1.75,nomad-2022 0.64,1,0,8,92.6,0
size 0.05 fresh 0.005 net1h 0.2 crowd None spike 10.0 win 600 floor 1e+06,14,14,4,0.667,0.0,6.5,0.105,0.073,0.362,0.092,0.137,0.85,across-spokepool-7d 1.75,nomad-2022 0.64,1,0,8,92.6,0
size 0.05 fresh 0.01 net1h 0.1 crowd 5 spike None win 600 floor 1e+06,14,14,4,0.667,0.0,6.5,0.105,0.073,0.362,0.073,0.182,1.66,across-spokepool-7d 1.75,poly-2021 1.28,2,1,8,92.6,0
size 0.05 fresh 0.01 net1h 0.1 crowd None spike 10.0 win 600 floor 1e+06,14,14,4,0.667,0.0,6.5,0.105,0.073,0.362,0.092,0.137,0.706,across-spokepool-7d 1.75,nomad-2022 0.64,1,0,8,92.6,0
size 0.05 fresh 0.01 net1h 0.2 crowd 5 spike None win 600 floor 1e+06,14,14,4,0.667,0.0,6.5,0.105,0.073,0.362,0.073,0.182,1.66,across-spokepool-7d 1.75,poly-2021 1.28,2,1,8,92.6,0
size 0.05 fresh 0.01 net1h 0.2 crowd None spike 10.0 win 600 floor 1e+06,14,14,4,0.667,0.0,6.5,0.105,0.073,0.362,0.092,0.137,0.706,across-spokepool-7d 1.75,nomad-2022 0.64,1,0,8,92.6,0
size 0.05 fresh None net1h 0.05 crowd None spike 10.0 win 600 floor 1e+06,14,14,4,0.667,0.0,6.5,0.105,0.073,0.362,0.073,0.182,0.627,across-spokepool-7d 1.75,nomad-2022 1.28,2,1,8,92.6,0
size 0.1 fresh 0.005 net1h 0.1 crowd None spike 10.0 win 600 floor 1e+06,14,14,4,0.667,0.0,6.5,0.105,0.073,0.362,0.092,0.137,0.85,across-spokepool-7d 1.75,nomad-2022 0.64,1,0,8,92.6,0
size 0.1 fresh 0.005 net1h 0.2 crowd None spike 10.0 win 600 floor 1e+06,14,14,4,0.667,0.0,6.5,0.105,0.073,0.362,0.092,0.137,0.85,across-spokepool-7d 1.75,nomad-2022 0.64,1,0,8,92.6,0
size 0.1 fresh 0.01 net1h 0.1 crowd 5 spike None win 600 floor 1e+06,14,14,4,0.667,0.0,6.5,0.105,0.073,0.362,0.073,0.182,1.66,across-spokepool-7d 1.75,poly-2021 1.28,2,1,8,92.6,0
size 0.1 fresh 0.01 net1h 0.1 crowd None spike 10.0 win 600 floor 1e+06,14,14,4,0.667,0.0,6.5,0.105,0.073,0.362,0.092,0.137,0.706,across-spokepool-7d 1.75,nomad-2022 0.64,1,0,8,92.6,0
size 0.1 fresh 0.01 net1h 0.2 crowd 5 spike None win 600 floor 1e+06,14,14,4,0.667,0.0,6.5,0.105,0.073,0.362,0.073,0.182,1.66,across-spokepool-7d 1.75,poly-2021 1.28,2,1,8,92.6,0
size 0.1 fresh 0.01 net1h 0.2 crowd None spike 10.0 win 600 floor 1e+06,14,14,4,0.667,0.0,6.5,0.105,0.073,0.362,0.092,0.137,0.706,across-spokepool-7d 1.75,nomad-2022 0.64,1,0,8,92.6,0
size 0.1 fresh None net1h 0.05 crowd None spike 10.0 win 600 floor 1e+06,14,14,4,0.667,0.0,6.5,0.105,0.073,0.362,0.073,0.182,0.627,across-spokepool-7d 1.75,nomad-2022 1.28,2,1,8,92.6,0
size 0.2 fresh 0.005 net1h 0.1 crowd None spike 10.0 win 600 floor 1e+06,14,14,4,0.667,0.0,6.5,0.105,0.073,0.362,0.092,0.137,0.85,across-spokepool-7d 1.75,nomad-2022 0.64,1,0,8,92.6,0
size 0.2 fresh 0.005 net1h 0.2 crowd None spike 10.0 win 600 floor 1e+06,14,14,4,0.667,0.0,6.5,0.105,0.073,0.362,0.092,0.137,0.85,across-spokepool-7d 1.75,nomad-2022 0.64,1,0,8,92.6,0
size 0.2 fresh 0.01 net1h 0.1 crowd 5 spike None win 600 floor 1e+06,14,14,4,0.667,0.0,6.5,0.105,0.073,0.362,0.073,0.182,1.66,across-spokepool-7d 1.75,poly-2021 1.28,2,1,8,92.6,0
size 0.2 fresh 0.01 net1h 0.1 crowd None spike 10.0 win 600 floor 1e+06,14,14,4,0.667,0.0,6.5,0.105,0.073,0.362,0.092,0.137,0.706,across-spokepool-7d 1.75,nomad-2022 0.64,1,0,8,92.6,0
size 0.2 fresh 0.01 net1h 0.2 crowd 5 spike None win 600 floor 1e+06,14,14,4,0.667,0.0,6.5,0.105,0.073,0.362,0.073,0.182,1.66,across-spokepool-7d 1.75,poly-2021 1.28,2,1,8,92.6,0
size 0.2 fresh 0.01 net1h 0.2 crowd None spike 10.0 win 600 floor 1e+06,14,14,4,0.667,0.0,6.5,0.105,0.073,0.362,0.092,0.137,0.706,across-spokepool-7d 1.75,nomad-2022 0.64,1,0,8,92.6,0
size 0.2 fresh None net1h 0.05 crowd None spike 10.0 win 600 floor 1e+06,14,14,4,0.667,0.0,6.5,0.105,0.073,0.362,0.073,0.182,0.627,across-spokepool-7d 1.75,nomad-2022 1.28,2,1,8,92.6,0
size None fresh 0.005 net1h 0.1 crowd None spike 10.0 win 600 floor 1e+06,14,14,4,0.667,0.0,6.5,0.105,0.073,0.362,0.092,0.137,0.85,across-spokepool-7d 1.75,nomad-2022 0.64,1,0,8,92.6,0
size None fresh 0.005 net1h 0.2 crowd None spike 10.0 win 600 floor 1e+06,14,14,4,0.667,0.0,6.5,0.105,0.073,0.362,0.092,0.137,0.85,across-spokepool-7d 1.75,nomad-2022 0.64,1,0,8,92.6,0
size None fresh 0.01 net1h 0.1 crowd 5 spike None win 600 floor 1e+06,14,14,4,0.667,0.0,6.5,0.105,0.073,0.362,0.073,0.182,1.66,across-spokepool-7d 1.75,poly-2021 1.28,2,1,8,92.6,0
size None fresh 0.01 net1h 0.1 crowd None spike 10.0 win 600 floor 1e+06,14,14,4,0.667,0.0,6.5,0.105,0.073,0.362,0.092,0.137,0.706,across-spokepool-7d 1.75,nomad-2022 0.64,1,0,8,92.6,0
size None fresh 0.01 net1h 0.2 crowd 5 spike None win 600 floor 1e+06,14,14,4,0.667,0.0,6.5,0.105,0.073,0.362,0.073,0.182,1.66,across-spokepool-7d 1.75,poly-2021 1.28,2,1,8,92.6,0
size None fresh 0.01 net1h 0.2 crowd None spike 10.0 win 600 floor 1e+06,14,14,4,0.667,0.0,6.5,0.105,0.073,0.362,0.092,0.137,0.706,across-spokepool-7d 1.75,nomad-2022 0.64,1,0,8,92.6,0
size None fresh None net1h 0.05 crowd None spike 10.0 win 600 floor 1e+06,14,14,4,0.667,0.0,6.5,0.105,0.073,0.362,0.073,0.182,0.627,across-spokepool-7d 1.75,nomad-2022 1.28,2,1,8,92.6,0
