key,design,role,weeks,current (any rule pages),"current, z 10, $1M floor, burst n30","current rules, page only if >=2 agree",REC: recommended (huge|size page alone; else >=2 of fresh/net1h/conc/crowd/spike in 30 min; pool profile),REC without pool profile
force-bridge-2025,lockbox,pre-hack,1.57,0.0,0.0,0.0,0.0,0.0
heco-2023,lockbox,pre-hack,1.57,0.64,0.64,0.64,0.0,0.0
kelp-2026,oft-adapter,pre-hack,1.57,1.92,0.0,0.0,0.0,0.0
poly-2021,lockbox,pre-hack,1.57,11.49,1.28,1.28,0.64,0.64
poly-2023,lockbox,pre-hack,1.57,0.0,0.0,0.0,0.0,0.0
ronin-2024,lockbox,pre-hack,1.57,0.0,0.0,0.0,0.0,0.0
shibarium-2025,lockbox,pre-hack,1.57,0.0,0.0,0.0,0.0,0.0
verus-2026,lockbox,pre-hack,1.57,0.0,0.0,0.0,0.0,0.0
xbridge-2024,lockbox,pre-hack,1.57,1.28,1.28,0.0,0.0,0.0
harmony-2022,lockbox,pre-hack,1.57,2.56,1.92,1.92,0.64,0.64
multichain-2023,mpc,pre-hack,1.58,0.0,0.0,0.0,0.0,0.0
nomad-2022,lockbox,pre-hack,1.57,10.22,1.28,1.28,0.64,0.64
orbit-2023,lockbox,pre-hack,1.57,0.0,0.0,0.0,0.0,0.0
ronin-2022,lockbox,pre-hack,1.57,0.64,0.0,0.0,0.0,0.0
across-spokepool-7d,pool,normal,0.57,40.25,42.0,12.25,1.75,5.25
celer-cbridge-30d,pool,normal,3.86,2.59,2.59,0.0,0.0,0.0
kelp-rseth-adapter-prehack-30d,oft-adapter,normal,3.86,2.85,0.0,0.0,0.0,0.0
polygon-pos-erc20-30d,lockbox,normal,3.86,0.26,0.0,0.0,0.0,0.0
polygon-pos-erc20-usdc-depeg-2023,lockbox,stress,3.86,0.26,0.26,0.0,0.0,0.0
ronin-gateway-30d,lockbox,normal,3.86,0.0,0.0,0.0,0.0,0.0
stargate-v2-usdc-30d,pool,normal,3.86,19.96,2.07,2.07,0.52,1.3
usdt0-oft-adapter-30d,oft-adapter,normal,3.86,4.41,4.41,0.52,0.26,0.26
wormhole-portal-30d,lockbox,normal,3.86,0.26,0.0,0.0,0.0,0.0
wormhole-portal-ftx-2022,lockbox,stress,3.86,9.07,1.04,1.81,0.26,0.26
arbitrum-30d,rollup,normal,3.86,0.0,0.0,0.0,0.0,0.0
base-30d,rollup,normal,3.86,0.0,0.0,0.0,0.0,0.0
multichain-2023-normal-30d,mpc,normal,3.86,2.59,0.52,0.52,0.0,0.0
optimism-30d,rollup,normal,3.86,0.0,0.0,0.0,0.0,0.0
orbit-2023-normal-30d,lockbox,normal,3.86,0.26,0.0,0.0,0.0,0.0
