key,design,role,utc,new_incident,tx,token,release_usd,pct_tvl,net1h_pct_tvl,recipient,recipient_fresh,families
poly-2021,lockbox,pre-hack,2021-08-04 02:05:21,True,0xdd1212d04b0a3b69c358801d5be7ec5194a54d1d78b6decec11240e6ef2881ec,WETH,10413211,3.69,4.04,0xbe89dd352bfd244e7abdfb21da0d4ae85bb047c6,True,fresh+spike
poly-2021,lockbox,pre-hack,2021-08-04 02:28:11,False,0x991742216a269475ceac2737439e5042706222b515eb713adf59ad6d3d271027,WBTC,9963712,3.69,8.01,0xbe89dd352bfd244e7abdfb21da0d4ae85bb047c6,False,conc+fresh+spike
harmony-2022,lockbox,pre-hack,2022-06-17 05:20:30,True,0x1a8ebd3284e5305707c85126574ce7dd047c4cfb6b349b72e93fb6f964f40495,USDC,6999898,7.47,7.54,0xdfe4f07d1f36b8d559b25082460a4f6a72531de2,True,conc+fresh
nomad-2022,lockbox,pre-hack,2022-07-25 05:50:24,True,0xe8b990f8948b340d7622bd03d2b4f4224dd64d870521ccf5132d5d77c9e710c0,USDC,9485257,5.4,7.82,0x3c0fa0643322feff1b54c3b19de6aa6fa2e1fa03,False,conc+fresh+spike
nomad-2022,lockbox,pre-hack,2022-07-25 05:51:06,False,0x4316051e9b30faff34e141380708d52b2124cfc406fe70ebff65f93e70ca20a5,FRAX,5979554,3.6,11.14,0x3c0fa0643322feff1b54c3b19de6aa6fa2e1fa03,False,conc+fresh+net1h+spike
nomad-2022,lockbox,pre-hack,2022-07-25 05:51:06,False,0x40e0ec68a7a65bd1393a5dae13143d30bb2f9348c404358a6d3a926fb8091f1a,WETH,560,0.0,11.14,0x92d2eeacf8c6926d904e7bbf692439ce61641555,True,conc+fresh+net1h+spike
nomad-2022,lockbox,pre-hack,2022-07-25 05:52:38,False,0x20025a6019cb152e600fb5cdee409b8cd8974f9781cea903288a1ad888229414,WETH,2162,0.0,11.14,0xa8219757a1b823ec740047f9e637b617f70889c4,True,conc+fresh+net1h+spike
nomad-2022,lockbox,pre-hack,2022-07-25 05:54:14,False,0x29c9d487d4e463313aab6023ae11ddac9d193a743fe8eeffe4b18b5c307407bb,WETH,1463,0.0,11.14,0x959c4c2a4a6ec975aaa00d62f632ef375a4fcdc3,True,conc+fresh+net1h+spike
nomad-2022,lockbox,pre-hack,2022-07-25 05:55:15,False,0x1a20148ad862d56323e3cff4f4c58e242aa3810a65e682e734582b1b3ae2396e,WETH,285,0.0,11.14,0xc55d35af6a5ff6299ef3fb8632bbac6cce17dc8b,True,conc+fresh+net1h+spike
nomad-2022,lockbox,pre-hack,2022-07-25 05:55:50,False,0xe9f43e2aa6a3aa0334992c292b82eeeefbd10d20e44c7f0409f7996a5b9ff2e1,USDC,800,0.0,11.14,0xa0d3033e67430d5f707144e5b3c9afeab0fcd1fc,False,conc+fresh+net1h+spike
nomad-2022,lockbox,pre-hack,2022-07-25 05:59:31,False,0xa79227f444b898f6074177744bf1311bb5620a54ad3e990d28715b7db52a1005,USDC,105,0.0,11.14,0xa73a15f9742bbcfcda6ddc25f659ab353b83a78f,True,conc+fresh+net1h+spike
nomad-2022,lockbox,pre-hack,2022-07-25 06:04:28,False,0xb0f739ddea64de75a5ce28ba9d948089d40f7cdde29b060d5b59c8a5ce3c23aa,WETH,1790,0.0,11.14,0xfe2d9c55f579aec7d56078e49faca3791b97b24c,True,conc+fresh+net1h+spike
nomad-2022,lockbox,pre-hack,2022-07-25 06:10:45,False,0xda1f32f093883066638075d8f9a828f77650a3cb119f0b77a0d090fac1f02550,WETH,163,0.0,11.13,0xed3b98927fdb15eb3b853d29f5be3372b2945e5e,True,conc+fresh+net1h+spike
nomad-2022,lockbox,pre-hack,2022-07-25 06:20:06,False,0x22f76d5b1f05a60858b5be8cecca01318abd05770512a7cc7aa755bdfcdd87e0,WETH,1302,0.0,11.14,0xc5f9896f37829637f65d9b4e6ce27392753219e8,True,conc+net1h+spike
nomad-2022,lockbox,pre-hack,2022-07-25 06:25:48,False,0xa8bcdc5fda3f5a9249ce6d1c51a6367890de00961474b48d010c6ab8aad6643c,WETH,125,0.0,11.14,0x881b7d4b63f7ec820eca7925c2cb7e98af091161,True,net1h+spike
nomad-2022,lockbox,pre-hack,2022-07-25 06:26:59,False,0xfbcc830196e7ac7b5d4bdc5f7b37a297deabf0625b9ded02479c24d8d3bcee86,USDC,80700,0.05,11.18,0xf0c09d91aa30e491e1a3a20c6fd35838257e2648,False,net1h+spike
across-spokepool-7d,pool,normal,2026-10-06 07:46:11,True,0xbce97e364d410d305d1f93a4e305737729f04bac0c1076cb0107c823cbb6f6b2,WETH,4,0.0,78.3,0xc02aaa39b223fe8d0a0e5c4f27ead9083c756cc2,,conc+net1h
across-spokepool-7d,pool,normal,2026-10-06 07:46:47,False,0x8b93da4846c92e177877a9756ec1ca64a992c88d2bb5a742a2163e60bd62d8a2,WETH,160,0.06,78.31,0xc02aaa39b223fe8d0a0e5c4f27ead9083c756cc2,,conc+net1h
across-spokepool-7d,pool,normal,2026-10-06 07:47:35,False,0x80733a225b0f977ebd5d734b494780f35f9268e76d9fcd716558098b2e0b093d,WETH,10,0.0,79.78,0xc02aaa39b223fe8d0a0e5c4f27ead9083c756cc2,,conc+net1h
across-spokepool-7d,pool,normal,2026-10-06 07:47:47,False,0xfe4d94ce626fbf61594754d5b241930af4355e7c74c3cd67c8c7ceb0e2be4675,WETH,1934,0.68,79.78,0xc02aaa39b223fe8d0a0e5c4f27ead9083c756cc2,,conc+net1h
across-spokepool-7d,pool,normal,2026-10-06 07:47:47,False,0x114e9a517c8d6aa181245edb1498bac3bc75de77a04b4eb49c059ac2717c35f4,WETH,12,0.0,79.78,0xc02aaa39b223fe8d0a0e5c4f27ead9083c756cc2,,conc+net1h
across-spokepool-7d,pool,normal,2026-10-06 07:47:47,False,0x1c2c9f052c68d5e5570c2b0bdc94b64b742ca514728d84ee7dbbfa4531b13b70,WETH,299,0.11,79.78,0xc02aaa39b223fe8d0a0e5c4f27ead9083c756cc2,,conc+net1h
across-spokepool-7d,pool,normal,2026-10-06 07:47:47,False,0x714a427bbfb493839c82b1bffdbb3147855dca99c09ef1ab8d91845125de081f,WETH,8083,2.78,79.78,0xc02aaa39b223fe8d0a0e5c4f27ead9083c756cc2,,conc+net1h
across-spokepool-7d,pool,normal,2026-10-06 07:48:11,False,0xcc5b75bed59aff93cc9cc51d086624e9bc4ed9fbd22550214fef9c2738847db3,WETH,1473,0.52,80.48,0x4216e5ae6021c523aae05b6ac6824f3c096cf905,False,conc+net1h
across-spokepool-7d,pool,normal,2026-10-06 07:48:11,False,0x84891ff2ddd01dfedd4dcd97a285e5f49aef3459902d806cc33fa2f39ebd700c,WETH,113,0.04,80.48,0xc02aaa39b223fe8d0a0e5c4f27ead9083c756cc2,,conc+net1h
across-spokepool-7d,pool,normal,2026-10-06 07:49:11,False,0x60aff07274d83fce906929e91dcd931438b5aa8063d05fa21df7353eb2605272,WETH,73,0.03,81.84,0xc02aaa39b223fe8d0a0e5c4f27ead9083c756cc2,,conc+net1h
across-spokepool-7d,pool,normal,2026-10-06 07:49:23,False,0x1ec6980aa02e4033833c9c1d0bd1e9b38b86bc3f4665fe899ad80e2eaaf46011,WETH,154,0.05,81.76,0xaec4eb1f4b7175a9efc83776195112327ffdc28e,False,conc+net1h
across-spokepool-7d,pool,normal,2026-10-06 07:50:23,False,0xea8638cc8cabf36bc0ad5cd099147d1f2e6180b1272410f246bf0d9257e0ab62,WETH,19,0.01,82.09,0xc02aaa39b223fe8d0a0e5c4f27ead9083c756cc2,,conc+net1h
across-spokepool-7d,pool,normal,2026-10-06 07:50:35,False,0x875d5ae83e390342d42b67744f6245edb3e349e57428b0e6de7d4e85e1339c80,WETH,11,0.0,82.09,0xc02aaa39b223fe8d0a0e5c4f27ead9083c756cc2,,conc+net1h
across-spokepool-7d,pool,normal,2026-10-06 07:50:35,False,0x875d5ae83e390342d42b67744f6245edb3e349e57428b0e6de7d4e85e1339c80,WETH,26,0.01,82.09,0xc02aaa39b223fe8d0a0e5c4f27ead9083c756cc2,,conc+net1h
across-spokepool-7d,pool,normal,2026-10-06 07:50:35,False,0x875d5ae83e390342d42b67744f6245edb3e349e57428b0e6de7d4e85e1339c80,WETH,2579,0.88,82.09,0xc02aaa39b223fe8d0a0e5c4f27ead9083c756cc2,,conc+net1h
across-spokepool-7d,pool,normal,2026-10-06 07:51:23,False,0xbe5172c56d0306cc6607718404ca3e06ece4e8ed6a79f49a1fa5e92398f6f8f3,WETH,26,0.01,82.08,0xc02aaa39b223fe8d0a0e5c4f27ead9083c756cc2,,conc+net1h
across-spokepool-7d,pool,normal,2026-10-06 07:52:23,False,0x7c990ad051c93dd5ddfcac54144cc49e977d7098f862c04dee3c29916e0b9e66,WETH,13,0.0,81.9,0xc02aaa39b223fe8d0a0e5c4f27ead9083c756cc2,,conc+net1h
across-spokepool-7d,pool,normal,2026-10-06 07:52:47,False,0xc0218279e31b97bb87810ae065c23219ccac4f579fd60e4cb60fdf5c37cf5729,WETH,1348,0.45,81.91,0x4216e5ae6021c523aae05b6ac6824f3c096cf905,False,conc+net1h
across-spokepool-7d,pool,normal,2026-10-06 07:52:47,False,0x06396f580c17965757b3cfa1ae1a98699bd510bc447dd8b8b170e84a5fbc5b63,WETH,6,0.0,81.91,0xc02aaa39b223fe8d0a0e5c4f27ead9083c756cc2,,conc+net1h
across-spokepool-7d,pool,normal,2026-10-06 07:53:23,False,0xbdf11f5d86e33289fe5873d93e24a21ae8863eb28db89fa4f13982f7aba35054,WETH,136,0.04,81.12,0xaec4eb1f4b7175a9efc83776195112327ffdc28e,False,conc+net1h
across-spokepool-7d,pool,normal,2026-10-06 07:53:59,False,0x3d8c22fa3906e473a684279f0833ce2fb147df92f24dd22c019fb56078e2001c,WETH,618,0.2,81.08,0xc02aaa39b223fe8d0a0e5c4f27ead9083c756cc2,,conc+net1h
across-spokepool-7d,pool,normal,2026-10-06 07:54:35,False,0xfe36ab95012e53cf60f568b976a8b48c8a63d63e08c70fee171c6eded0912a37,WETH,347,0.11,81.04,0xc02aaa39b223fe8d0a0e5c4f27ead9083c756cc2,,conc+net1h
across-spokepool-7d,pool,normal,2026-10-06 07:55:35,False,0x130e8864a3146d3cebdf359d018ae253525974fba6301b5e0830a92972f8de6a,WETH,2,0.0,80.97,0xc02aaa39b223fe8d0a0e5c4f27ead9083c756cc2,,conc+net1h
across-spokepool-7d,pool,normal,2026-10-06 07:55:59,False,0xe8361b5ae4c03432496ec17381bce0df0785190e8f830ab4b9165b2686e14c15,WETH,1599,0.51,80.97,0xc02aaa39b223fe8d0a0e5c4f27ead9083c756cc2,,conc+net1h
across-spokepool-7d,pool,normal,2026-10-06 07:56:23,False,0xb3dde443df5ab9f1a21d655d82756a37a51802155ac2a415d7d5c4c3b79b091c,WETH,108,0.03,79.43,0xc02aaa39b223fe8d0a0e5c4f27ead9083c756cc2,,conc+net1h
across-spokepool-7d,pool,normal,2026-10-06 07:56:23,False,0x4942c51daa14b42a1d246ec768b906661060b215f0105537343e78f3fc93da1b,WETH,8,0.0,79.43,0xc02aaa39b223fe8d0a0e5c4f27ead9083c756cc2,,conc+net1h
across-spokepool-7d,pool,normal,2026-10-06 07:56:35,False,0x5b69185193c8f4469216339ac703bf0a44e3e88b128b6882475885117e44a17e,WETH,19,0.01,79.43,0x0f7ae28de1c8532170ad4ee566b5801485c13a0e,False,conc+net1h
across-spokepool-7d,pool,normal,2026-10-06 07:56:35,False,0x5b69185193c8f4469216339ac703bf0a44e3e88b128b6882475885117e44a17e,WETH,23,0.01,79.43,0xc02aaa39b223fe8d0a0e5c4f27ead9083c756cc2,,conc+net1h
across-spokepool-7d,pool,normal,2026-10-06 07:56:47,False,0xed3ce78725f40d4447de3e6c35de6aa85983216319b6ff7b58d4008c257127ba,WETH,16,0.0,79.43,0x0f7ae28de1c8532170ad4ee566b5801485c13a0e,False,conc+net1h
across-spokepool-7d,pool,normal,2026-10-06 07:56:59,False,0x609e26b4421a054552319c88e7ab5a757aefd7dbff8b15b6cc005081640ee534,WETH,7,0.0,79.43,0x0f7ae28de1c8532170ad4ee566b5801485c13a0e,False,conc+net1h
across-spokepool-7d,pool,normal,2026-10-06 07:57:11,False,0xfa1cab7debc4af15415818c6bfb7caeb45a488c6aa9c343e531889cbcd4e91cf,WETH,12,0.0,79.43,0xc02aaa39b223fe8d0a0e5c4f27ead9083c756cc2,,conc+net1h
across-spokepool-7d,pool,normal,2026-10-06 07:57:23,False,0xc5f0a6c881e7adbbff7c98e8f5a2ee5c17c26389c8d9507c56eb038491fcc246,WETH,5157,1.51,79.43,0xc02aaa39b223fe8d0a0e5c4f27ead9083c756cc2,,conc+net1h
across-spokepool-7d,pool,normal,2026-10-06 07:57:23,False,0xc5f0a6c881e7adbbff7c98e8f5a2ee5c17c26389c8d9507c56eb038491fcc246,WETH,5,0.0,79.43,0x0f7ae28de1c8532170ad4ee566b5801485c13a0e,False,conc+net1h
across-spokepool-7d,pool,normal,2026-10-06 07:57:23,False,0xd942a9551acb8a8abe191805e0343c6b673e6d3a0349d57263b559f1ed41b02b,WETH,24,0.01,79.43,0xc02aaa39b223fe8d0a0e5c4f27ead9083c756cc2,,conc+net1h
across-spokepool-7d,pool,normal,2026-10-06 07:57:47,False,0x7eab6408dbc0db1a51a6a783e89eae635ad5da79e9a99eea08c943f947a7fdb3,WETH,498,0.15,79.19,0xc02aaa39b223fe8d0a0e5c4f27ead9083c756cc2,,conc+net1h
across-spokepool-7d,pool,normal,2026-10-06 07:57:47,False,0x7eab6408dbc0db1a51a6a783e89eae635ad5da79e9a99eea08c943f947a7fdb3,WETH,2,0.0,79.19,0x0f7ae28de1c8532170ad4ee566b5801485c13a0e,False,conc+net1h
across-spokepool-7d,pool,normal,2026-10-06 07:58:11,False,0xa72fe8a2489878edae76c0abfb356f9eb9cf75c2c9147e86040a8617aa219d5c,WETH,8,0.0,78.72,0xc02aaa39b223fe8d0a0e5c4f27ead9083c756cc2,,conc+net1h
across-spokepool-7d,pool,normal,2026-10-06 07:58:23,False,0x178b44d0476779884a422829e1094635b1753cdaedbbecfe21369c0346f1aa7d,WETH,190,0.05,78.72,0x0f7ae28de1c8532170ad4ee566b5801485c13a0e,False,conc+net1h
across-spokepool-7d,pool,normal,2026-10-06 07:59:23,False,0xb1c65f36eadfae3c4bd1234bf144cfec542f5d7263a439874bf9f2975bafe500,WETH,277,0.07,77.4,0xc02aaa39b223fe8d0a0e5c4f27ead9083c756cc2,,conc+net1h
across-spokepool-7d,pool,normal,2026-10-06 07:59:35,False,0xc02e774ad0eaa52550f67602f536a71471a2ec4fe97083e140f9779438c5c6a8,WETH,37,0.01,77.39,0xc02aaa39b223fe8d0a0e5c4f27ead9083c756cc2,,conc+net1h
across-spokepool-7d,pool,normal,2026-10-06 07:59:47,False,0x06203be0a351493ca64b3638eb86e406ee46ecfbbbe0c140516a2709746ba64e,WETH,110,0.03,77.39,0x4216e5ae6021c523aae05b6ac6824f3c096cf905,False,conc+net1h
across-spokepool-7d,pool,normal,2026-10-06 07:59:59,False,0x45bc32d89ca9687fd8dc2e30e606b24186202ded1f21de4776f67b2e989ccbb8,WETH,258,0.07,77.37,0xc02aaa39b223fe8d0a0e5c4f27ead9083c756cc2,,conc+net1h
across-spokepool-7d,pool,normal,2026-10-06 08:00:11,False,0x89fb19cfa1fb6b89e2d88eee8efea4acfca65e4c075eb4968ef912dd9d87a558,WETH,11,0.0,77.37,0xc02aaa39b223fe8d0a0e5c4f27ead9083c756cc2,,conc+net1h
across-spokepool-7d,pool,normal,2026-10-06 08:00:11,False,0x57b1675f9fe405044f01894857b577c32e327dde40e9c151e45df71deff3755c,WETH,25,0.01,77.37,0xc02aaa39b223fe8d0a0e5c4f27ead9083c756cc2,,conc+net1h
across-spokepool-7d,pool,normal,2026-10-06 08:00:23,False,0x9bda3d6c900b5f4b259d3006f91f60b9dd995cc449076aa2fd1b1adab7aac683,WETH,19,0.01,77.37,0x0f7ae28de1c8532170ad4ee566b5801485c13a0e,False,conc+net1h
across-spokepool-7d,pool,normal,2026-10-06 08:00:35,False,0x3a2eb21f18d2bc9b32506622bec6fec3c8142d79569bae841848214aa29b7ebd,WETH,138,0.04,77.25,0xc02aaa39b223fe8d0a0e5c4f27ead9083c756cc2,,conc+net1h
across-spokepool-7d,pool,normal,2026-10-06 08:01:35,False,0x16f30a508d3c5c60d33cc7eea1d550f350df59b9fc5b28d4f982cf0cf801abbc,WETH,197,0.05,77.26,0xc02aaa39b223fe8d0a0e5c4f27ead9083c756cc2,,conc+net1h
across-spokepool-7d,pool,normal,2026-10-06 08:02:23,False,0x2146ab8fb07adbd0d1a30e24bf48445b04968f83a65a17a12af7b84ab719c76c,WETH,1,0.0,77.25,0xc02aaa39b223fe8d0a0e5c4f27ead9083c756cc2,,conc+net1h
across-spokepool-7d,pool,normal,2026-10-06 08:03:23,False,0x87d6629216f3bf7ee76434f13eb1576e83933c06232e0ce29b64f28f9996f69e,WETH,1521,0.4,77.25,0xc02aaa39b223fe8d0a0e5c4f27ead9083c756cc2,,conc+net1h
across-spokepool-7d,pool,normal,2026-10-06 08:03:59,False,0x8963f40201ec621b0240fda66b98302808392d84498bfe0ffda5dc9a162363b6,WETH,28,0.01,77.16,0xc02aaa39b223fe8d0a0e5c4f27ead9083c756cc2,,conc+net1h
across-spokepool-7d,pool,normal,2026-10-06 08:04:23,False,0xeb3813f3e118b547807b8bf8ccc8fa7ea303d671c7ccfef4c7053d51ddbedd32,WETH,150,0.04,77.15,0xaec4eb1f4b7175a9efc83776195112327ffdc28e,False,conc+net1h
across-spokepool-7d,pool,normal,2026-10-06 08:04:23,False,0x86ef8bfe76fbd709198ad89c4fd806b823a51e7556be16328923443c5f0af3bc,WETH,28,0.01,76.98,0x0f7ae28de1c8532170ad4ee566b5801485c13a0e,False,conc+net1h
across-spokepool-7d,pool,normal,2026-10-06 08:04:35,False,0xdaa02ec3323d5217930de39bbcf261aa8172870a4d083fa2a0cc4a43968472c8,WETH,42,0.01,76.93,0x0f7ae28de1c8532170ad4ee566b5801485c13a0e,False,conc+net1h
across-spokepool-7d,pool,normal,2026-10-06 08:04:47,False,0xab5dbc6fff7c6abef4285cf7a7025f639748d33356d69695cf68841c59a9125a,WETH,9,0.0,76.97,0xc02aaa39b223fe8d0a0e5c4f27ead9083c756cc2,,conc+net1h
across-spokepool-7d,pool,normal,2026-10-06 08:04:59,False,0xff9988be8bca37da533f95c64c55047484de5dfa224388c5915af1f6417fe9c3,WETH,3,0.0,76.97,0xc02aaa39b223fe8d0a0e5c4f27ead9083c756cc2,,conc+net1h
across-spokepool-7d,pool,normal,2026-10-06 08:06:11,False,0x08acba56e62b99bd51063af6124f32cad4d9e1ccbfd2e51286c547221df669fd,WETH,2199,0.57,76.93,0xc02aaa39b223fe8d0a0e5c4f27ead9083c756cc2,,conc+net1h
across-spokepool-7d,pool,normal,2026-10-06 08:06:23,False,0x234dddd940403b1e4039d0b4483c54751655cae347b104eae8d66364f6612512,WETH,1332,0.35,76.93,0xc02aaa39b223fe8d0a0e5c4f27ead9083c756cc2,,conc+net1h
across-spokepool-7d,pool,normal,2026-10-06 08:06:35,False,0x7c4367d1b48070a58200f3ffc78a074b2bae1ffba5a41b698e2b5a63a2dc2283,WETH,324,0.08,76.92,0xc02aaa39b223fe8d0a0e5c4f27ead9083c756cc2,,conc+net1h
across-spokepool-7d,pool,normal,2026-10-06 08:06:47,False,0x626f4d7b88c45e3a3c9ecb7ad2d91a31e3e21d548ba2671e22c7b04521b9331e,WETH,8,0.0,76.91,0xc02aaa39b223fe8d0a0e5c4f27ead9083c756cc2,,conc+net1h
across-spokepool-7d,pool,normal,2026-10-06 08:07:23,False,0x99a17586dd64c2f9d6ac94a46665ee6d483fa8d699ddd45600ca2026932f862e,WETH,1771,0.46,76.97,0xc02aaa39b223fe8d0a0e5c4f27ead9083c756cc2,,conc+net1h
across-spokepool-7d,pool,normal,2026-10-06 08:07:47,False,0x2a8c49b45edd1c591f35c53c1ec2c181ba38bd5e7f4884844b08f3f2d0261e9d,WETH,38,0.01,76.88,0xc02aaa39b223fe8d0a0e5c4f27ead9083c756cc2,,conc+net1h
across-spokepool-7d,pool,normal,2026-10-06 08:07:47,False,0x8e7fc7a9bef201d88271e7f3e9cec395b44f41b8cc193e1adb62865c887f58a2,WETH,94,0.02,76.88,0xc02aaa39b223fe8d0a0e5c4f27ead9083c756cc2,,conc+net1h
across-spokepool-7d,pool,normal,2026-10-06 08:07:47,False,0xecef1820a5dcb8ea10d43b3b8eea0527ab97dcd180a06739c4851b281f87b138,WETH,3,0.0,76.88,0xc02aaa39b223fe8d0a0e5c4f27ead9083c756cc2,,conc+net1h
across-spokepool-7d,pool,normal,2026-10-06 08:07:59,False,0x06fba32b8ee0bd14e29a7b81c75fc5d06d59b34193905f80638d8e06da664663,WETH,50,0.01,76.86,0xc02aaa39b223fe8d0a0e5c4f27ead9083c756cc2,,conc+net1h
across-spokepool-7d,pool,normal,2026-10-06 08:07:59,False,0x2035a1734d560468c81c6482e89bd2ef26d2e64206dd3be8cd03dc015da038c6,WETH,121,0.03,76.86,0xc02aaa39b223fe8d0a0e5c4f27ead9083c756cc2,,conc+net1h
across-spokepool-7d,pool,normal,2026-10-06 08:08:11,False,0x66b266ae433876884f524d482565613cb7dfdde955656e98987d6e0f90c76807,WETH,143,0.04,76.86,0xaec4eb1f4b7175a9efc83776195112327ffdc28e,False,conc+net1h
across-spokepool-7d,pool,normal,2026-10-06 08:08:11,False,0x9849e499f34f8e22f9e139a37f893effc0df5fbdf16175f09f15244922d53242,WETH,199,0.05,76.86,0xc02aaa39b223fe8d0a0e5c4f27ead9083c756cc2,,conc+net1h
across-spokepool-7d,pool,normal,2026-10-06 08:08:35,False,0x8236f7f82c45559ef86ba46653b1f0d9ef9f76f886991ccff823afbb3555d6f4,WETH,130,0.03,76.9,0x0f7ae28de1c8532170ad4ee566b5801485c13a0e,False,conc+net1h
across-spokepool-7d,pool,normal,2026-10-06 08:09:23,False,0xc81870778e2aef694ea243e88ebca1dde2876d49ade14bfcf59b8bafbd3d2274,WETH,117,0.03,76.88,0xc02aaa39b223fe8d0a0e5c4f27ead9083c756cc2,,conc+net1h
across-spokepool-7d,pool,normal,2026-10-06 08:10:35,False,0x43c0410a3d7e2b7275de1b75d7de2ecf8575b934db0806b010514d2356e8c6f2,WETH,256,0.07,76.65,0xc02aaa39b223fe8d0a0e5c4f27ead9083c756cc2,,conc+net1h
across-spokepool-7d,pool,normal,2026-10-06 08:10:47,False,0x414b97518e0035033ff44e899fe8b7bee362dff968579eca932f18e92d2d8c16,WETH,104,0.03,76.87,0xc02aaa39b223fe8d0a0e5c4f27ead9083c756cc2,,conc+net1h
across-spokepool-7d,pool,normal,2026-10-06 08:10:59,False,0xee030d65fcf7bc5cfd4f34156379a9ddbbe9c6e0e59f1d0ad939a98c9e076fff,WETH,687,0.18,76.82,0xc02aaa39b223fe8d0a0e5c4f27ead9083c756cc2,,conc+net1h
across-spokepool-7d,pool,normal,2026-10-06 08:11:59,False,0x0fa66500680328a5c060bc54bc44a67852ce360c1d2cff92a02af33df2778081,WETH,5269,1.33,76.76,0xc02aaa39b223fe8d0a0e5c4f27ead9083c756cc2,,conc+net1h
across-spokepool-7d,pool,normal,2026-10-06 08:11:59,False,0x0fa66500680328a5c060bc54bc44a67852ce360c1d2cff92a02af33df2778081,WETH,3563,0.9,76.76,0xc02aaa39b223fe8d0a0e5c4f27ead9083c756cc2,,conc+net1h
across-spokepool-7d,pool,normal,2026-10-06 08:12:35,False,0xc8ae49240d420e14e8ec181ab3fe22bfe9122c3a535e5719a5c13d90d7d3e7c8,WETH,7,0.0,76.78,0xc02aaa39b223fe8d0a0e5c4f27ead9083c756cc2,,conc+net1h
across-spokepool-7d,pool,normal,2026-10-06 08:12:47,False,0x0180adc9792cdd98f3076f9eac607ab0d1f57d29c3296f7a0845ac3db455d1f1,WETH,44,0.01,76.77,0xc02aaa39b223fe8d0a0e5c4f27ead9083c756cc2,,conc+net1h
across-spokepool-7d,pool,normal,2026-10-06 08:12:59,False,0x128b7b21384eb4033dc47efc810aa3403838e4f87b0d5582e68fc37000e48772,WETH,951,0.24,76.77,0xc02aaa39b223fe8d0a0e5c4f27ead9083c756cc2,,conc+net1h
across-spokepool-7d,pool,normal,2026-10-06 08:12:59,False,0xe02c9129ba122c94a4caa50a27baec73b808dacb3ad40763dbbcff3bbc13eba1,WETH,124,0.03,76.76,0xc02aaa39b223fe8d0a0e5c4f27ead9083c756cc2,,conc+net1h
across-spokepool-7d,pool,normal,2026-10-06 08:13:11,False,0x7d98ee36b71df1833549b9a9a56457abdae02d683605b88775952fe97c19da0b,WETH,143,0.04,76.76,0xaec4eb1f4b7175a9efc83776195112327ffdc28e,False,conc+net1h
across-spokepool-7d,pool,normal,2026-10-06 08:13:11,False,0x143290d2bb4cc3640892350ed04bcd2d61dd9a4a05953674cad9661684fd470f,WETH,7,0.0,76.75,0xc02aaa39b223fe8d0a0e5c4f27ead9083c756cc2,,conc+net1h
across-spokepool-7d,pool,normal,2026-10-06 08:13:23,False,0x3a5f12eb59f786dc0600fa4b7627060311997beffb80755766c73bbca4531328,WETH,2,0.0,76.77,0xc02aaa39b223fe8d0a0e5c4f27ead9083c756cc2,,conc+net1h
across-spokepool-7d,pool,normal,2026-10-06 08:13:23,False,0x8082659603d9d68c0d61224c922ae87e582053f9485a7d5c76d6c1415ace6432,WETH,266,0.07,76.77,0xc02aaa39b223fe8d0a0e5c4f27ead9083c756cc2,,conc+net1h
across-spokepool-7d,pool,normal,2026-10-06 08:13:35,False,0x8d82edf88ddcd8025ffef3f331632925b39e5cfa853502eccbdb4ce1d3af4edc,WETH,4,0.0,76.74,0xc02aaa39b223fe8d0a0e5c4f27ead9083c756cc2,,conc+net1h
across-spokepool-7d,pool,normal,2026-10-06 08:13:35,False,0xf87a2212fcfcc93e53965397f132d3c3da8e271be9859114e2b5d9848df91133,WETH,2,0.0,76.74,0xc02aaa39b223fe8d0a0e5c4f27ead9083c756cc2,,conc+net1h
across-spokepool-7d,pool,normal,2026-10-06 08:13:47,False,0x4daffa292b32b5b5bf7e7f3c25f338d08de1964f50cfcc1a31f8ce37a390db4e,WETH,0,0.0,76.74,0xc02aaa39b223fe8d0a0e5c4f27ead9083c756cc2,,conc+net1h
across-spokepool-7d,pool,normal,2026-10-06 08:13:59,False,0xa525d89a239790d12d97498c10545ec069314a20a97f2e50eaed31e600e654e8,WETH,15,0.0,76.74,0xc02aaa39b223fe8d0a0e5c4f27ead9083c756cc2,,conc+net1h
stargate-v2-usdc-30d,pool,normal,2026-09-13 01:25:23,True,0xa7d6dac756a155f7a84fc13eb70be57efc4cdfe9abf17fdb3dcbd598abaf2ba9,USDC,3,0.0,20.24,0x985fb5263d6283e4f39e486e0f870d0b25dac76b,True,crowd+net1h+spike
stargate-v2-usdc-30d,pool,normal,2026-09-13 01:30:23,False,0xc37aafdc4042f78bcbc0bd2035831000db6494a69bb2e606a123b8ed6cdab0d8,USDC,1000,0.0,20.24,0x334d106d29ee00542813f2ad976a4e3d09f4c559,False,crowd+net1h
stargate-v2-usdc-30d,pool,normal,2026-09-13 01:31:23,False,0xc2c090efdd8c2e9a266f5e0a8c90e5b3a5b1b58e5294bbaa31f95300113d0e91,USDC,30,0.0,20.24,0x18858c37491b450bec45b99e61259cdfa39cb4b9,True,crowd+net1h
stargate-v2-usdc-30d,pool,normal,2026-09-13 01:36:59,False,0xac5bcb5e159642f142a56739a04c2d8d9642c36f9ec40d6a23d21f025d8229de,USDC,32,0.0,20.24,0x0c9ef77149604284dff398cbc9672a3a38e8d962,True,crowd+net1h
stargate-v2-usdc-30d,pool,normal,2026-09-29 04:53:59,True,0xfad21465fcabf9f8188214b52ac6b388c54443d3631db6bb197cc8fad32f4860,USDC,499995,0.44,20.07,0x601c9091a76c3235c97b1da5bfe4442e53ac6c93,True,crowd+net1h+spike
stargate-v2-usdc-30d,pool,normal,2026-09-29 04:54:11,False,0x2e12928fcbcf4e8e9d49060c5c3461509c99d5e960323046e17c1e1251b09479,USDC,499995,0.44,20.42,0x4b6c55fec51f322caa81bbc5a0d0813aac65666c,True,crowd+net1h+spike
stargate-v2-usdc-30d,pool,normal,2026-09-29 04:54:11,False,0x8b5221aca6ff3b98806abda40914edf5e9e30b65f53d4247ddb2ecb554cf3dd8,USDC,499995,0.44,20.77,0x510b361029c8c11fd2b0ff067332946901de354e,True,crowd+net1h+spike
stargate-v2-usdc-30d,pool,normal,2026-09-29 04:54:47,False,0x37927daed127ac5cbe425a882a3891636b2dcf65a52032f055371580e45cc5eb,USDC,499995,0.44,21.13,0x651241c9d014500902aeaa152fe39f964444ce9a,True,crowd+net1h+spike
stargate-v2-usdc-30d,pool,normal,2026-09-29 04:58:59,False,0x3520faece07d7a5c250938cd575cf5285b401e4e5db71f0719a627cb70d9ff6b,USDC,499995,0.45,20.07,0x68d8d8a8b99b1e25503fad1af5b888076784e99f,True,crowd+net1h+spike
stargate-v2-usdc-30d,pool,normal,2026-09-29 04:59:47,False,0x34c16caf4ed93f9eb6ab7bb9a9aa8a357b59e916cf3eceefa8563abbdf67bdc0,USDC,499995,0.45,20.43,0x515ae6c8ec8ad756357d024813c4e531b6fe7692,True,crowd+net1h+spike
stargate-v2-usdc-30d,pool,normal,2026-09-29 05:00:11,False,0x5a11f5f15843d6fd31421470045ec521db066010e80b8659bc71c0e746a98807,USDC,499995,0.45,20.79,0x554b14ae7c7bec600a718c9eb056da2041e79753,True,crowd+net1h+spike
stargate-v2-usdc-30d,pool,normal,2026-09-29 05:00:11,False,0x3834af7ab0d33b78f294758a32572763df2bbec0d21512003cc90e8d0f1544cf,USDC,499995,0.45,21.15,0x53c743baee3a9443f584cfe8c5ff832c88929521,True,crowd+net1h+spike
stargate-v2-usdc-30d,pool,normal,2026-09-29 05:00:11,False,0x1944bb643bf0df9f19eed6fb2c98b948175c12c84ea1805730e6b7a6b22d19d9,USDC,499995,0.45,21.5,0x59099641e196a6e12e36a6d76d535703b2ba0e74,True,crowd+net1h+spike
stargate-v2-usdc-30d,pool,normal,2026-09-29 05:00:59,False,0x8359cd54727b58a3bcf73f4e00b8ca109f912b1cb5cde1c2d12f9bc1a13064a0,USDC,499995,0.46,21.3,0x71d3931ced04548e88ec50a45bb70d220525883b,True,crowd+net1h
stargate-v2-usdc-30d,pool,normal,2026-09-29 05:00:59,False,0x5b190c2a501823ccc183555d7d0614f002ccc922ac8471830a3d71d5a76b50b3,USDC,499995,0.46,21.66,0x67f5e2504627a86a69390214e872f2ea1c722871,True,crowd+net1h
stargate-v2-usdc-30d,pool,normal,2026-09-29 05:01:11,False,0x7a377911ba6b43e5ac12ebe2e97b36dd961979e758780d0c31dd9b405fd65b76,USDC,499995,0.46,22.02,0x75d6a599d6ed4d14f87480aa8087c4349a21ebeb,True,crowd+net1h
stargate-v2-usdc-30d,pool,normal,2026-09-29 05:01:11,False,0x690876de48b96cea552ecff9824aed980e61b845c6c8feb720375251c92664ad,USDC,499995,0.46,22.38,0x73e1cef1e7752cbc433b3104b17778d8601132f4,True,crowd+net1h
stargate-v2-usdc-30d,pool,normal,2026-09-29 05:01:35,False,0x30002f15784945d31cba6c658006218814db1e67e88791acf1c9b55cbe005380,USDC,499995,0.46,22.74,0x66240f17794e8b2cc4a5ec7829bf9c2d1567f4c0,True,crowd+net1h
stargate-v2-usdc-30d,pool,normal,2026-09-29 05:01:59,False,0x2f25527fe43f56a325756aeee16bf309696d2d469816e6b0a15352f042f47cfe,USDC,499995,0.47,23.1,0x5c67d109bcc14a9bc965f0fa7ddc6655eb1f71d8,True,crowd+net1h
stargate-v2-usdc-30d,pool,normal,2026-09-29 05:02:47,False,0x8d84f848720cde9a559828c2702bd03e7500f109c3141f57744ed43b7c7cf85c,USDC,499995,0.47,23.46,0x6e86e43691d122912ae37b830b2b72b13159e0d5,True,crowd+net1h
stargate-v2-usdc-30d,pool,normal,2026-09-29 05:03:47,False,0x832db215219d7a47e65bc33bdb9c323c200c245fa27f7862e9f4a3788f79ba74,USDC,499995,0.47,23.82,0x71323b5065efe508e3df90e95b23efa3001813e8,True,crowd+net1h
stargate-v2-usdc-30d,pool,normal,2026-09-29 05:03:59,False,0x946bf0a322d49ce4cb45e7a7595af62656b8712f8ffe04f89561a74080d594d0,USDC,499995,0.47,24.18,0x6542cb635ae193f85bdf330af155247aa6e8f21c,True,crowd+net1h
stargate-v2-usdc-30d,pool,normal,2026-09-29 05:03:59,False,0x36696005f841325e5cef4ee1d2ba43164371792cf5a3ba065ecd4f11ba5bf5e2,USDC,499995,0.48,24.55,0x762081bd938006dadfb04de79bfae03b06ba79f9,True,crowd+net1h
stargate-v2-usdc-30d,pool,normal,2026-09-29 05:04:11,False,0x1aa630decb8de5dc868a55c0e7b29b2aa778a0816756d1c9e4a48b5dacfcf3bf,USDC,499995,0.48,24.91,0x828d8356aca10a676db46b38aebcdd57cef84ba3,True,crowd+net1h
stargate-v2-usdc-30d,pool,normal,2026-09-29 05:04:11,False,0x17286ae6472c15d0b3d9f3c21d78e038809e1cf6669c98b3af6803c381843a5e,USDC,499995,0.48,25.27,0x8264b9f2b20d31850a6f7b34595f07eb21022b04,True,crowd+net1h
stargate-v2-usdc-30d,pool,normal,2026-09-29 05:07:35,False,0x3d79bb008f587ac025f698b0dd300a7aca7e3cf2c6dbd9c2242ec96c0b5ae905,USDC,499995,0.48,24.81,0x66fb6206b64cbf1aa1b1d906f6652bb2f125d6e3,True,crowd+net1h
stargate-v2-usdc-30d,pool,normal,2026-09-29 05:07:47,False,0xe5f72270aca2347d6458cf0d568df22578db1050896f03f6c0934bc4919651c6,USDC,499995,0.49,25.18,0x6de23b11534b16442ca86f8de7a026a39f024894,True,crowd+net1h
stargate-v2-usdc-30d,pool,normal,2026-09-29 05:08:35,False,0xf13a0d8a3b24afbd4f94b1ea20cab3d0c05a3ff0b8b127b1e417f1804327af0a,USDC,499995,0.49,25.54,0x794f944e1838dff17352db7f4aec0a5f0a1ea0d1,True,crowd+net1h
stargate-v2-usdc-30d,pool,normal,2026-09-29 05:08:35,False,0xa1aaf6972fe66befe0bc9bf827871eb66620f7e213c25a7cad9c5fa72f5a3908,USDC,499995,0.49,25.91,0x89dcaeb614408a2bf8d8bddc20a864cbb16b4537,True,crowd+net1h+spike
stargate-v2-usdc-30d,pool,normal,2026-09-29 05:08:47,False,0x9dd94d91094d1477ac84b7270528d1ed9f781e6e10580c5244260ecd3cbcc7a0,USDC,499995,0.49,26.27,0x820815913ef9ebbe6e69e15c4caed1d05a2fcde7,True,crowd+net1h+spike
stargate-v2-usdc-30d,pool,normal,2026-09-29 05:08:47,False,0x6a9e085f904a91b664a8cff2ae7b684d9bd0153b8ebef5c344982430abf7de3d,USDC,499995,0.49,26.64,0x895b5437e8da76c9724835ddc23080d4b70e6f28,True,crowd+net1h+spike
stargate-v2-usdc-30d,pool,normal,2026-09-29 05:09:47,False,0xc5276b2671f23a69f1b7fee46b7fabb1a2c55f9c758f0fb4b9367c0c32940f97,USDC,8445,0.01,26.64,0x63a61a31f087295a2b3fbe6f546913ccbe8127e8,False,crowd+net1h+spike
stargate-v2-usdc-30d,pool,normal,2026-09-29 05:12:59,False,0x63a8643b18f171be43af9f902ed706501ecf06a3e2b0bda37793ff203303c178,USDC,499995,0.5,25.93,0x9e4f2353ff0f13b0e032c949104371e9a15f4851,True,crowd+net1h+spike
stargate-v2-usdc-30d,pool,normal,2026-09-29 05:13:11,False,0x0eba4b963c3b44df4b7941b0737b26c3eb2917c93b544297dc2e6dac7a1b8ec4,USDC,499995,0.5,26.3,0xa3d4d25cc5549a3a68f13dc000e3cea5df7af455,True,crowd+net1h+spike
stargate-v2-usdc-30d,pool,normal,2026-09-29 05:13:11,False,0xce00fd38cb549c1c65ba736f5eb4c5fc84a483a90af7afb43bf124006ba02273,USDC,499995,0.5,26.67,0x9d0a5453374fc3edaff650bb69c05d77f6c6cc85,True,crowd+net1h+spike
stargate-v2-usdc-30d,pool,normal,2026-09-29 05:13:59,False,0x960c3cbdb2ba323b8a122129c195b893b9af5badd423a68bb6abc4f5614c5f24,USDC,499995,0.5,27.04,0xb29c431699e2d742997adf467f78333e6e030d72,True,crowd+net1h+spike
stargate-v2-usdc-30d,pool,normal,2026-09-29 05:13:59,False,0xe595ff18ee50583fa44d46abcc3435c1d6a7fdee787e70f4abafdac5aad48c5a,USDC,499995,0.51,27.41,0xde3566b921e9c50aac1036ad3eba4e0b88f9bdb0,True,crowd+net1h+spike
stargate-v2-usdc-30d,pool,normal,2026-09-29 05:13:59,False,0x674bb27ad1c98002881a87ec2d35d515121042cbe81001c4f5a8e5a56fe6e71d,USDC,499995,0.51,27.78,0xc6ceb4d139e0637ad0e6b80c4f6c7ac1cb9b8139,True,crowd+net1h+spike
stargate-v2-usdc-30d,pool,normal,2026-09-29 05:14:35,False,0x014117687fa21c48ca10fd5d8be9bc531ed6cbc3c956f6e45fe2e96d6085fba8,USDC,499995,0.51,28.15,0xf98975f41847a18a70165cb3a54c773e06130c20,True,crowd+net1h+spike
stargate-v2-usdc-30d,pool,normal,2026-09-29 05:14:35,False,0xcb5819036660542c31e10e6d912047c2ad036f0c7ecce74b4e8a4b99dfbe3c1d,USDC,499995,0.52,28.52,0xf89d2f7dd94bc9514424a6136c4e6eb4c9c25e71,True,crowd+net1h+spike
stargate-v2-usdc-30d,pool,normal,2026-09-29 05:14:35,False,0x0521fcde267fc48aa359cc7dbdde7a1c6a3ab9512234f133aefaf4090f93d3b5,USDC,499995,0.52,28.89,0xfa9fd9bb4a39a7bc61ac1b301957ede8377c27e3,True,crowd+net1h+spike
stargate-v2-usdc-30d,pool,normal,2026-09-29 05:14:59,False,0x380b50fe61f1574747a923e5c666c9912b094c712a7d37b5254455ee421ca2f5,USDC,499995,0.52,29.26,0xcdc78f288ed129040b5462c6edbaca0a25e281fb,True,crowd+net1h+spike
stargate-v2-usdc-30d,pool,normal,2026-09-29 05:14:59,False,0x0bb885eeaa1c2f104aa2e53a5a57cdb3d89915f683b5ebb958c6f20cc69c82c8,USDC,499995,0.52,29.63,0xe6f836e64b43d5cc8d5106d028f3191413349a08,True,crowd+net1h+spike
stargate-v2-usdc-30d,pool,normal,2026-09-29 05:15:11,False,0xf21d374820c82ea062fafd95ff140b8fd2d9ddd75d7198ec5a1da6ed5d417319,USDC,499995,0.53,30.0,0xb101ea6f5234c2b2a781c1163dc44e371d21ccd3,True,crowd+net1h+spike
stargate-v2-usdc-30d,pool,normal,2026-09-29 05:15:11,False,0xa68c690fcfc2dab3a7dc74db0891e2d2dd87a06529c2241aebdc9f00a4842be1,USDC,499995,0.53,30.37,0xc7b623b1f51582956cf2be3730a22dfc7e23c275,True,crowd+net1h+spike
stargate-v2-usdc-30d,pool,normal,2026-09-29 05:15:11,False,0x923745b1b5f7e6065a18d45d5e4bdbcd5db3c22b2f0dfe10d160afc00f8cbf06,USDC,499995,0.53,30.74,0xee454c6ca5a7a47d7f9be02f21ac0d91a84b485b,True,crowd+net1h+spike
stargate-v2-usdc-30d,pool,normal,2026-09-29 05:15:11,False,0x8b64280543a2c607990408ad342bb59aefceec7bdc4a94089418f66796ca9f03,USDC,499995,0.53,31.11,0x9a3e131b19291c47aa7fc10985defe7ac343bf96,True,crowd+net1h+spike
stargate-v2-usdc-30d,pool,normal,2026-09-29 05:15:11,False,0xf417d84a40d95ee0e53c2456990769aaa4d4a1dbaecc8b2b76bf6229750ae363,USDC,499995,0.54,31.48,0xa2e5122adfc744d17c00e030120f6df92e4d3a31,True,crowd+net1h+spike
stargate-v2-usdc-30d,pool,normal,2026-09-29 05:17:23,False,0x7929c84c62596c01105d8d2eeec799096d4366d1f714e652f3596aa022399cf7,USDC,499995,0.54,31.85,0xbb672fc1768bd4a98f4cbcf8d229588bcd8e1cb6,True,crowd+net1h+spike
stargate-v2-usdc-30d,pool,normal,2026-09-29 05:17:35,False,0x3b93c2a893c7c27cde67a5e8929193c924fd441003d3ff03a3841e62a510f73b,USDC,499995,0.54,32.22,0xd1306df7bbfb85d6c56d2a361dae1759ed5cab84,True,crowd+net1h+spike
stargate-v2-usdc-30d,pool,normal,2026-09-29 05:17:47,False,0xe35efdae7e2f15a0682448d6731832a0e65565894df33e78f3b9d194ef3bf3ac,USDC,499995,0.55,32.59,0xcd9f1c24f7561999a66a2f6dc01aff35f1c3cb14,True,crowd+net1h+spike
stargate-v2-usdc-30d,pool,normal,2026-09-29 05:17:47,False,0x6dc1b2b5d843df0c51dbdd5e162c10ead27a70abed6e444591c2d2ef98f3004c,USDC,499995,0.55,32.96,0xbaf622f6a86594c9493798dd6d14d659fcb00c19,True,crowd+net1h+spike
stargate-v2-usdc-30d,pool,normal,2026-09-29 05:17:59,False,0x9cc251f19e57547706b285cf2d1cc8ebc0aef299f29b22a4723ad5486fbacb57,USDC,499995,0.55,33.33,0xbd23e35c3fd69c3cd66db378474bc0ba4daa9456,True,crowd+net1h+spike
stargate-v2-usdc-30d,pool,normal,2026-09-29 05:18:35,False,0x5d28f81753bf7f7cc75782bd9a0d63692170412639df7f744b5c181f8a7211a4,USDC,499995,0.56,33.7,0xe43539adfe19dc9a9f9e15990c7968685719768e,True,crowd+net1h+spike
stargate-v2-usdc-30d,pool,normal,2026-09-29 05:18:59,False,0xc44036b4db75817119cf5fa00243f4aebaf622ec5c1cb968531e6666bc3aaf21,USDC,499995,0.56,34.07,0xe73e17743977b168fc131eec25f65936e77aa550,True,crowd+net1h+spike
stargate-v2-usdc-30d,pool,normal,2026-09-29 05:19:11,False,0x0adcd5e4e7ae93e050bd65580175c9119e5c5d316013ec673516cd456e4e20b5,USDC,499995,0.56,34.44,0xe75c5570d96b0aa112194e06257904505d3e258a,True,crowd+net1h+spike
stargate-v2-usdc-30d,pool,normal,2026-09-29 05:19:23,False,0x3bc3a6b49790bc69501189a02c8f3b3afc045f3cda7358da57a34a6d3fb1b3a4,USDC,499995,0.56,34.81,0xe9266fbf2a34f658544c7181218e7d148cccdddf,True,crowd+net1h+spike
stargate-v2-usdc-30d,pool,normal,2026-09-29 05:19:59,False,0x9b4e3604b547e36284bcafa29456947c31f5ac0ee414af2ae5634638792f2e51,USDC,499995,0.57,35.18,0xf1cdcbeb4584d7625834c018469c731bf490d13a,True,crowd+net1h+spike
stargate-v2-usdc-30d,pool,normal,2026-09-29 05:20:47,False,0x08128e2dd1b12b1dd6d5e4624975eed83391c6ac7c81e84489d07496a29e8b3e,USDC,499995,0.57,34.59,0xf446c881bc21e4a77606969662ecafaae0c04450,True,crowd+net1h+spike
stargate-v2-usdc-30d,pool,normal,2026-09-29 05:20:59,False,0x71f26a5355d13f2eb80325f4547325585426e34c93c3fb4bf369b83ecdfb46f5,USDC,499995,0.57,34.96,0xf11adb5d59320a7852a30c26d65ef69a123512c3,True,crowd+net1h+spike
stargate-v2-usdc-30d,pool,normal,2026-09-29 05:23:11,False,0x35c111194b49abcabdea5a6d9af23c8b9fc4297d74eaf131890cae2ef7af5996,USDC,499995,0.58,32.81,0x6e511e76b2ae499f0e293aa8bb0118241d038864,True,crowd+net1h+spike
stargate-v2-usdc-30d,pool,normal,2026-09-29 05:23:11,False,0x6157eb471adfc4e9749aa73690a4af7161c1fd620b08c7f82e75fb71c5d68a22,USDC,499995,0.58,33.2,0x6b11c348d3e5755912b666eb7490962d5d32decc,True,crowd+net1h+spike
stargate-v2-usdc-30d,pool,normal,2026-09-29 05:23:35,False,0xae6afb4a107940922753b7cad28fda11f69c74bfdb5e32fe02dc071e6c035c8c,USDC,499995,0.58,33.59,0x6e5d987921673e77a4ac0b5b729bb34d3ad44e4d,True,crowd+net1h+spike
stargate-v2-usdc-30d,pool,normal,2026-09-29 05:23:47,False,0x8fc17a7efbe21191126cbed52c2a18e8f3b5a9f09f56b27e9af805a513d47346,USDC,499995,0.59,33.98,0x9b36eea92649ce57789b53602c0ddfa3ddeac525,True,crowd+net1h+spike
stargate-v2-usdc-30d,pool,normal,2026-09-29 05:23:47,False,0xa3c0f408e21dda6f95265fb1a8e725723547a86b89e4cd7be61e1a25911b963b,USDC,499995,0.59,34.38,0x962fb21c60617f232b3372a24dbc5b799f8dc32d,True,crowd+net1h+spike
stargate-v2-usdc-30d,pool,normal,2026-09-29 05:23:47,False,0x6c6154a5284f8e80f9820f0ce3188c4a9e96b693046c63bd43a48c43269a566e,USDC,499995,0.59,34.77,0x98591612d5fa91f7681ca0afe2b6f9e73de5ca97,True,crowd+net1h+spike
stargate-v2-usdc-30d,pool,normal,2026-09-29 05:23:59,False,0x1996c5dc263d6f4f4a4a5a679f420c2037645fc5bd7fa5e232cde509ce422ce7,USDC,499995,0.6,35.16,0x7a10e82f3844a292c1ae99fed99f31fcfccd85cc,True,crowd+net1h+spike
stargate-v2-usdc-30d,pool,normal,2026-09-29 05:23:59,False,0xc88394d8ce6739e3bc785990bf2507db6f3311bbd301a364b7bac8b44dac3035,USDC,499995,0.6,35.55,0x97063f26f597a7a9303ed134e6c6106d4c2bf604,True,crowd+net1h+spike
stargate-v2-usdc-30d,pool,normal,2026-09-29 05:23:59,False,0xc849802578b50df13f0080292e321133c2a66c3e67fc51878d38f459c4b48eae,USDC,499995,0.61,35.94,0xa43c5be8cd009176ebe708d9608b6cba055adcdf,True,crowd+net1h+spike
stargate-v2-usdc-30d,pool,normal,2026-09-29 05:24:47,False,0x95be44ed60c4cf40899c23176d91c3140f77bfaa0e85b05a6412c40209f8117c,USDC,499995,0.61,36.33,0xa5c64ce027f2665c1429e6e6716fb1a8188b6962,True,crowd+net1h+spike
stargate-v2-usdc-30d,pool,normal,2026-09-29 05:25:47,False,0xbcfedd01565f3f4cf182f8a3783e93f7ee55fe657c9b04ebaad72d21be56e2ca,USDC,499995,0.61,36.72,0xac7a55ca8c313edc6b7d9d60efc6dd25d43bce5a,True,crowd+net1h+spike
stargate-v2-usdc-30d,pool,normal,2026-09-29 05:25:59,False,0x33dcbf2ee90f8c097cbd6566c07934963bf5168b0a666d05ebbd83c90002c5d3,USDC,499995,0.62,37.11,0xa74f4cd7c32894f876c0b8be14611785d2ab90db,True,crowd+net1h+spike
stargate-v2-usdc-30d,pool,normal,2026-09-29 05:26:11,False,0xf7eed7695b98febd2f3d573ac84fac67824e4f2a8e539b2e4ec88b6c480121a0,USDC,499995,0.62,37.5,0xa6022639d1092f17c0813b2ed134702c5f2428b1,True,crowd+net1h+spike
stargate-v2-usdc-30d,pool,normal,2026-09-29 05:26:23,False,0x907f9f2c7f2225925e65cd3b6c535e3dfc2cbabb1da70ecc9f8434075d9326f3,USDC,499995,0.62,37.89,0xa9640f7fe88050ec5887d6fe3d607d70fea51e06,True,crowd+net1h+spike
stargate-v2-usdc-30d,pool,normal,2026-09-29 05:26:23,False,0x1b62103b7affad9e4aa0aab53f55efede258f7e79cee6009f00c7b95f57a6b92,USDC,499995,0.63,38.28,0x9e748f052d6551bfe3ad5ae430e5cc7d1b9d3806,True,crowd+net1h+spike
stargate-v2-usdc-30d,pool,normal,2026-09-29 05:26:59,False,0x7f3c529118d8197a83d741f72ec5ddfce8cf3b367edaa260c9999a289ebaf561,USDC,499995,0.63,38.67,0xf049c3bd09588b44a423616d61a87b24ba30f1f4,True,crowd+net1h+spike
stargate-v2-usdc-30d,pool,normal,2026-09-29 05:26:59,False,0x55a21d937a0673b214906a8500fdcffc43789f8e61a2575a77e96c40ec81d331,USDC,499995,0.64,39.06,0xb4b9ea5d14310e7cbfb29d52436652897789bb60,True,crowd+net1h+spike
stargate-v2-usdc-30d,pool,normal,2026-09-29 05:27:11,False,0x9d5bf732206b85e05b1fd77ca95b86d4500c454829325535ca0b3ef212a51f41,USDC,499995,0.64,39.45,0xbd6f1c59fd5b2ac370a4a6f5f11d5b747dd27126,True,crowd+net1h+spike
stargate-v2-usdc-30d,pool,normal,2026-09-29 05:27:11,False,0x37a6f7f867c14eec4a0c7bc3a7b187438a8e0f0b9399313ec94a93884925f271,USDC,499995,0.64,39.84,0xc57a2124a040c5d61e95975ab83ec58b644e65c2,True,crowd+net1h+spike
stargate-v2-usdc-30d,pool,normal,2026-09-29 05:27:11,False,0x315fe1b5a0b23227d6c6b5b4856a6df3ee6abf66e6ef03db857554d027a07597,USDC,499995,0.65,40.23,0xf1f6ca608868ed9c75235fe947eb56bc92c4c9fe,True,crowd+net1h+spike
stargate-v2-usdc-30d,pool,normal,2026-09-29 05:27:23,False,0x659584e3d1be1c1ba37c4be281f3791e1954bce06054a260170cfee154a18853,USDC,499995,0.65,40.62,0xc3ce5268da7ef45a26d5c2004f8011b7de5f0e57,True,crowd+net1h+spike
stargate-v2-usdc-30d,pool,normal,2026-09-29 05:27:23,False,0x2d060f2d5352fb883158fdfec52aa7db8149f84fbffe8733ba8b0482dea6a7a6,USDC,499995,0.66,41.01,0xfb9b7d6db1148cb7dfc7ed5ad86cde2e719483f8,True,crowd+net1h+spike
stargate-v2-usdc-30d,pool,normal,2026-09-29 05:27:23,False,0xd02e173f6eb884b96629b7a3a0ed496b3877e3e3370fdca3e4fc8950e19ec0d1,USDC,499995,0.66,41.4,0xa7e1e441ded16058f5fb66102bf47502eb9f65e5,True,crowd+net1h+spike
stargate-v2-usdc-30d,pool,normal,2026-09-29 05:27:35,False,0xc384c532254061413e71acf7110325b6cdb60b664cbd5baef3a132b88e98a00b,USDC,499995,0.67,41.79,0xc3146baeccf223bf2510efd51c619ee3dec7f35e,True,crowd+net1h+spike
stargate-v2-usdc-30d,pool,normal,2026-09-29 05:27:47,False,0xdbe3ef69334caed6defff97cdec555da891800c22b043690dec708218afeca85,USDC,499995,0.67,41.96,0xc45404cae8df35ea5341798d45f757a1238c1206,True,crowd+net1h+spike
stargate-v2-usdc-30d,pool,normal,2026-09-29 05:27:59,False,0xa1c7d2f99ee516e0dd80f89a05628d9dc1528314ff74155a2e7d57526a316982,USDC,499995,0.68,42.12,0xb2c275ef9ad6fc7ca590ef63086d547ecdbb1e4c,True,crowd+net1h+spike
stargate-v2-usdc-30d,pool,normal,2026-09-29 05:29:35,False,0x574f08e2a917a16e76a8d84cfd5856c4fab71ad577b16a69dd91884874e07b32,USDC,499995,0.68,41.36,0xd3bf92b0bb521fb61c19d6f6d855fce4024f2278,True,crowd+net1h+spike
stargate-v2-usdc-30d,pool,normal,2026-09-29 05:29:35,False,0x576afb0de3837b8dddc53fa320761dd1c9cce6ee3b45f5f3724aef8f031831bf,USDC,499995,0.68,41.76,0xd1d680ac34e0ea0f1745f639db12d8023f15abb4,True,crowd+net1h+spike
stargate-v2-usdc-30d,pool,normal,2026-09-29 05:29:35,False,0xb2176bf140da2aa2c525a8aa5fe4e03559c754cae2667ec112a499e2af2a8f83,USDC,499995,0.69,42.16,0xec1ab9ce157b8e7e795627c99be5ef5ce867fe29,True,crowd+net1h+spike
stargate-v2-usdc-30d,pool,normal,2026-09-29 05:30:47,False,0xd67009f73b391b021d8edf7f421d583267b02a29b2673d140f9060879eb7cb20,USDC,499995,0.69,42.33,0xf01c50033f190da2c8950257d2978ac2aaf7d7fc,True,crowd+net1h+spike
stargate-v2-usdc-30d,pool,normal,2026-09-29 05:30:47,False,0xfd7f5f406391d90af92fd7f307e7ae3ac224683694b01e1cd6d1c2c832b43931,USDC,499995,0.7,42.74,0xeb0b016f1e104dad42e2b43c2a70facebaaae43b,True,crowd+net1h+spike
stargate-v2-usdc-30d,pool,normal,2026-09-29 05:32:35,False,0x5aad2210c6d4815b3bd7bcc33637ae2df3eadfe3f2f8f6b8c4ed3b041e9c26c7,USDC,499995,0.7,43.14,0x91b057673311d15e6be625ca9c4baeb99bc33f4c,True,crowd+net1h+spike
stargate-v2-usdc-30d,pool,normal,2026-09-29 05:32:59,False,0x9eed8dfd5cc00b3603665b0f167834adb166f3d80da364a20b80e2f250010d32,USDC,499995,0.71,43.54,0x9776688b77cd8ded8ce06d739cac266fe1d40a5d,True,crowd+net1h+spike
stargate-v2-usdc-30d,pool,normal,2026-09-29 05:32:59,False,0x9d710c2d7ceb55b7e21a620b996d96a19e5ec4b84269a3cf856c737260200c6f,USDC,499995,0.71,43.94,0x883467707d7840ed919a158ce436249e3ea1e7f0,True,crowd+net1h+spike
stargate-v2-usdc-30d,pool,normal,2026-09-29 05:35:11,False,0xd5e04f2f174824d8335a34304b45edc33181b8802cf61c21675337fd0a99238f,USDC,499995,0.72,43.9,0xeffdaa35d86c8d380e7c13b6c8cd48c0141d1dbb,True,crowd+net1h+spike
stargate-v2-usdc-30d,pool,normal,2026-09-29 05:35:11,False,0xd997f055df27347c965e272d08ddcb537a4298b9a3c348778789a2817f7a7ba4,USDC,499995,0.72,44.3,0xee7606550b79df47fee88b7a6fff0756e90ff472,True,crowd+net1h+spike
stargate-v2-usdc-30d,pool,normal,2026-09-29 05:35:35,False,0xd0262f4b31ccfeba62586ae74a687082c0723c770650b9d62cae4daaea1a30db,USDC,499995,0.73,44.71,0xceb9584b90f611ed8f9da4bca643bf63a05a6a37,True,crowd+net1h+spike
stargate-v2-usdc-30d,pool,normal,2026-09-29 05:35:35,False,0xbbe02f62f5c9a2ca15570293680d82c6ae9311c6c9e552cec0ae067bd4d0bf75,USDC,499995,0.73,45.11,0xd58bc3d85526074ce2aeb488fe0046a38c933d30,True,crowd+net1h+spike
stargate-v2-usdc-30d,pool,normal,2026-09-29 05:35:35,False,0x194e82c5cab09f20cd78933206777c8ae3093cebbeb84916b077f50cf0bfe4e3,USDC,499995,0.74,45.52,0xb99367eea0dd8e0ef6c5eafbefc08591d09f2000,True,crowd+net1h+spike
stargate-v2-usdc-30d,pool,normal,2026-09-29 05:35:59,False,0x8ccb5f6f270d86584d7c342dbefce765c9087debae3cc9d89d52822b5dd4de38,USDC,499995,0.75,45.26,0xc5aefbdf4396eff47c29f0065c7debc41764d9de,True,crowd+net1h+spike
stargate-v2-usdc-30d,pool,normal,2026-09-29 05:36:11,False,0x2d9b2d7f7c11af50f4d697bc7fca91d1a6ccb3f0799f0232859f237430348211,USDC,499995,0.75,45.45,0xd4c7ca26f74cb2b900e591a4c3aba3502988fd98,True,crowd+net1h+spike
stargate-v2-usdc-30d,pool,normal,2026-09-29 05:36:35,False,0x445c782e87b3f2e9b959466c67668469ba0682ceebc9aa3325d6049532cd6edd,USDC,499995,0.76,45.86,0xda2bac7759f7f69ba0f463c1345fb2f0ba8e4634,True,crowd+net1h+spike
stargate-v2-usdc-30d,pool,normal,2026-09-29 05:36:59,False,0x0df6e43bda2d1b3bcd2ad2e1534f375f7cffc59491fb63b7e953f6b6a9e9c71e,USDC,499995,0.76,46.27,0xde063fab6a18e6e7c80ede60d77dee978814b3bb,True,crowd+net1h+spike
stargate-v2-usdc-30d,pool,normal,2026-09-29 05:39:59,False,0x1cd8feda692fb7f31dea077173c1b11519476828b94f1e8e341e0aa0bbff0c26,USDC,499995,0.77,46.69,0x8199aed8062d25c924fce4d9fe35c102dde894c3,True,crowd+net1h+spike
stargate-v2-usdc-30d,pool,normal,2026-09-29 05:41:47,False,0x5096b99822a63b206796d9645d9f23119e9849d747389218f2d7ac837445a2c7,USDC,499995,0.77,47.1,0x9b5a03d06f707020a8a3188af5d5186e7a255c89,True,crowd+net1h+spike
stargate-v2-usdc-30d,pool,normal,2026-09-29 05:41:47,False,0x07b0bdaf3c8b8404f86ab581ee92b32a8f535f89094984c126dff677aa4347e5,USDC,499995,0.78,47.51,0xcdefc5f270d3edcbacbcc4759e8773b92dddfa9d,True,crowd+net1h+spike
stargate-v2-usdc-30d,pool,normal,2026-09-29 05:41:59,False,0x602aa520db0d095bbdb30c8c15a6a915cb97759aaaa1a02cafc90a217fb509ad,USDC,499995,0.79,47.92,0xca82bf0be0d65877206ca26bf9e4efdb728c04b0,True,crowd+net1h+spike
stargate-v2-usdc-30d,pool,normal,2026-09-29 05:41:59,False,0x40d9e1ac429e54c0928dfd8bc4115383efbd61a2a5f017056ed2e30691f3f2ce,USDC,499995,0.79,48.34,0x84307b1d15f5928a55e8e0656fca402106bec475,True,crowd+net1h+spike
stargate-v2-usdc-30d,pool,normal,2026-09-29 05:41:59,False,0xce5eda7ef21afa309b317ba4837e8e0add751e04f1d29e04b523e07f6a4be7b6,USDC,499995,0.8,48.75,0x7fae8ea491110099ad48a1b267ba8ae1f164e09d,True,crowd+net1h+spike
stargate-v2-usdc-30d,pool,normal,2026-09-29 05:41:59,False,0x7250fd4538194f9003867c700081468c8e08a02fc096090408b2ec0a95b4ce69,USDC,499995,0.81,49.16,0xf7e3e95b9cda3bc5d81bb32ad4d7f7a78b064a59,True,crowd+net1h+spike
stargate-v2-usdc-30d,pool,normal,2026-09-29 05:41:59,False,0xfce2db028be8a7e7cfae328147d73db949d51280358216c6eb032139d796a2cc,USDC,499995,0.81,49.58,0xffb663346185daf9bcdd1058a2d88eb301b71b09,True,crowd+net1h+spike
stargate-v2-usdc-30d,pool,normal,2026-09-29 05:41:59,False,0x2bf9cdd3187b43a576cf996762121873090e4ca776cff7deaf378eb561c146af,USDC,499995,0.82,49.99,0x9d523fdda3b8d699344ae1a1ed14d9055a8abc1b,True,crowd+net1h+spike
stargate-v2-usdc-30d,pool,normal,2026-09-29 05:42:11,False,0xb8c85cb52bdd3eba853c160b9ea1e3c9a9514f934432ed027b82e575a1d3beb7,USDC,499995,0.83,50.4,0x9b30a98728767e6654d4af8c670ca2454c0c256d,True,crowd+net1h+spike
stargate-v2-usdc-30d,pool,normal,2026-09-29 05:44:47,False,0x36621ea1b0d767eabfa5faa409c36dcb9d220ac4bbebedda48d337802b51f06d,USDC,499995,0.83,49.99,0x8549119450b19f9b9ba271907a1cad5a6513c6db,True,crowd+net1h+spike
stargate-v2-usdc-30d,pool,normal,2026-09-29 05:45:23,False,0x93ae8649c8d2b9352f916b4f765985d9c1412c4dd840c876dd48a273acad2fde,USDC,499995,0.84,50.2,0x85abeb6a6648712b08d917bdf236ddd75357d172,True,crowd+net1h+spike
stargate-v2-usdc-30d,pool,normal,2026-09-29 05:45:23,False,0x1be14d124f5ced8e632f9ef2ba71e260ee1118c0b556b28dfba7798a3f011349,USDC,499995,0.85,50.62,0x862ac8d7120b920b07fb18f0540947fabdaaf268,True,crowd+net1h+spike
stargate-v2-usdc-30d,pool,normal,2026-09-29 05:45:47,False,0xb78d0e2289da58cae31e56091e78ad1fc4204591815d1931d88d543ae576f5fd,USDC,499995,0.85,51.04,0x85797b00b97a32b8a2c5f08a2b30f3b209e29bd4,True,crowd+net1h+spike
stargate-v2-usdc-30d,pool,normal,2026-09-29 05:46:11,False,0x5f9a73b61324aba493d66f7d452b025f378fb7b83d7e3a3c9f57ce60141f4b10,USDC,499995,0.86,51.46,0xc185269e8f8a24b231f9473ba909e61f267b11ed,True,crowd+net1h+spike
stargate-v2-usdc-30d,pool,normal,2026-09-29 05:46:23,False,0x382f9db1d36ab64cbf6368866b86105c5148043292d64d7454de87f912c5a1fe,USDC,499995,0.87,51.89,0xd5529354a4b73f774fa2b310a1b4282213dc3109,True,crowd+net1h+spike
stargate-v2-usdc-30d,pool,normal,2026-09-29 05:46:35,False,0x07f1ad3f44171c69b60e37750e44cc4a5288364e1862b21b5cb53a9a85720994,USDC,499995,0.88,52.31,0xeecba23531fed5d121f75d96c16c39bd203ba5c9,True,crowd+net1h+spike
stargate-v2-usdc-30d,pool,normal,2026-09-29 05:47:35,False,0xbd3c2d5fc613be0759719ef51200ceed0ffcd4d83b6806a9f31bd822c5c49d81,USDC,499995,0.88,52.73,0xb88fdaea23db2c284d5cb4b40799364c391e425b,True,crowd+net1h+spike
stargate-v2-usdc-30d,pool,normal,2026-09-29 05:47:35,False,0xaccc0ab838d188fdd69a6093e82cb1e096b92073ffb28b96cad7003361b11a07,USDC,499995,0.89,53.15,0xe32381c1fa5acfc5cb0b90a70bb18eb71213c956,True,crowd+net1h+spike
stargate-v2-usdc-30d,pool,normal,2026-09-29 05:47:35,False,0x1262c7a4dd1555e6e16461c915deda72ac52538b5caf4138db104a77d73ac6da,USDC,499995,0.9,53.57,0xde5e09c7ea18fb520a1e5ca8ed9041cba5a5b39e,True,crowd+net1h+spike
stargate-v2-usdc-30d,pool,normal,2026-09-29 05:48:11,False,0x4c7c844c05f06963956123f65b7b94355a3712e297f1d0abcf708b2f5072e897,USDC,499995,0.91,53.99,0xf1c819d2366b392838f3f54517f39c3968d477ad,True,crowd+net1h+spike
stargate-v2-usdc-30d,pool,normal,2026-09-29 05:48:11,False,0x32957a8e1261e4749fce80976c13614231df186ff31201b94b55f6296fb64999,USDC,499995,0.92,54.42,0xeb028197d4abc8dd961c531bc5ea9e456401c328,True,crowd+net1h+spike
stargate-v2-usdc-30d,pool,normal,2026-09-29 05:49:35,False,0x3f66261536b21055e5b48028314d669fcda0a22f6865bb939a35cf7617e3ebe8,USDC,499995,0.92,53.66,0xddabc28f20006010563c10c2a22cc05f515b6a89,True,crowd+net1h+spike
stargate-v2-usdc-30d,pool,normal,2026-09-29 05:49:59,False,0xf4263b6027625b27fcd13020f03a175dc4896b86d44fc71e01e911210f93c5d3,USDC,499995,0.93,53.9,0xdc8c847da576ea0a73a3754003095ec097eb51fe,True,crowd+net1h+spike
stargate-v2-usdc-30d,pool,normal,2026-09-29 05:58:59,False,0xcb616fbeb069cb1e1ae7daccfac0b807d71d77d27d48d518bef917c9b4b3a9de,USDC,499995,0.94,52.89,0xf469f3a29b7477622302b90134d692bfe5df297a,True,crowd+net1h+spike
stargate-v2-usdc-30d,pool,normal,2026-09-29 06:03:35,False,0x5783b6523539f90b4d232465b3cb1d3591162f60bc4e5981bc410121976f12ff,USDC,11,0.0,50.45,0x9e852a0d1bd9738d52b90a5e907138575822d69e,False,crowd+net1h+spike
stargate-v2-usdc-30d,pool,normal,2026-09-29 06:08:35,False,0xbe7d32780ffcdb815da3a52a4cfccd822d2496ebc324dd1196f50b7beebe5945,USDC,15824,0.03,48.27,0xf70da97812cb96acdf810712aa562db8dfa3dbef,False,crowd+net1h+spike
stargate-v2-usdc-30d,pool,normal,2026-09-29 06:12:59,False,0x81be073474132a555f1792929842169389baa3e6bf9484eda96f89fce14a5288,USDC,319,0.0,47.48,0xf1ef7a4f1711650eb01a91cff6bcd2479d4ed98c,True,crowd+net1h+spike
stargate-v2-usdc-30d,pool,normal,2026-09-29 06:15:59,False,0x193b3af4594c6044a021415b38d93d8ca10a4d61472c99c8a29d87fb0eb86254,USDC,14,0.0,43.23,0x9e852a0d1bd9738d52b90a5e907138575822d69e,False,crowd+net1h+spike
stargate-v2-usdc-30d,pool,normal,2026-09-29 06:17:35,False,0x9565baa69ff435d64783e1c193df1c727f0697437db7267a762457fd54bead45,USDC,10,0.0,42.61,0x9e852a0d1bd9738d52b90a5e907138575822d69e,False,crowd+net1h+spike
usdt0-oft-adapter-30d,oft-adapter,normal,2026-09-30 07:07:23,True,0x838abbc2d630106e200ebdcb2acdeb46ba6af47d8a7e808158057bb5ae444519,USDT,45000000,1.3,0.58,0xd00e0079b8cab524f3fa20ea879a7736e512a5fc,True,fresh+spike
usdt0-oft-adapter-30d,oft-adapter,normal,2026-09-30 07:11:47,False,0x32ab78e35e87961cf0ac46bd4a7887df6bba746bcc9ebf97eb82e82e6d0899bf,USDT,25,0.0,0.58,0x72089aa5b52afd8ae71d38f9002e53a441fae4f8,True,fresh+spike
wormhole-portal-ftx-2022,lockbox,stress,2022-11-09 16:55:23,True,0x42790faa108cded479536b835f48a565db761c1804ae575f5332aed63558adb4,USDC,1986785,1.67,-0.31,0x584cd92b438479ea1957c3ea649e62e797dc3749,False,conc+fresh
