id,status,date_utc,bridge,design,chains,loss_usd,main_assets,root_cause_category,vault_drained,ethereum_vault,first_theft_block,first_theft_tx,malicious_tx_count,drain_duration_minutes,share_of_tvl,time_to_detection,response,funds_recovered_pct,observable_signature,rules_that_fire,sources
2021-06-thorchain-0,unconfirmed,2021-06-29,THORChain (June 2021),liquidity-pool,Ethereum,350000,unknown,other,unknown,unknown,unknown,unknown,unknown,unknown,unknown,unknown,unknown,unknown,unknown,unknown,https://defillama.com/hacks
2021-07-xdx-swap,unconfirmed,2021-07-02,XDX Swap,unknown,HECO,176000,unknown,other,unknown,unknown,unknown,unknown,unknown,unknown,unknown,unknown,unknown,unknown,unknown,unknown,https://defillama.com/hacks
2021-07-chainswap-1,confirmed,2021-07-03 00:43:10,ChainSwap (1st incident),lock-mint,Ethereum;BSC,800000,mapped project tokens,verification bug,partial,0x7fe68fc06e1a870dcbee0acae8720396dc12fc86,12751488,0x5c5688a9f981a07ed509481352f12f22a4bd7cea46a932c6d6bbe67cca3c54be (example tx; may not be first),unknown,unknown,unknown,unknown,compensation plan announced,unknown,Repeated similar release calls from the ETH mapping contract authorised by signers outside the expected set,withdrawal_burst;accounting_mismatch,https://chain-swap.medium.com/chainswap-post-mortem-and-compensation-plan-90cad50898ab;https://github.com/SunWeb3Sec/DeFiHackLabs;https://defillama.com/hacks
2021-07-anyswap-v3,confirmed,2021-07-10,Anyswap V3 router pools,mpc-custody,Ethereum;BSC;Fantom,7900000,MIM;USDC,key/signer compromise,yes,unknown,unknown,unknown,4,unknown,unknown,unknown,V3 router paused behind 48h timelock; team pledged to refill LP losses,unknown,Withdrawals validly signed by the custody MPC key emptying V3 pools; contract logic looks normal,escrow_drain;large_withdrawal;outflow_spike,https://rekt.news/anyswap-rekt;https://curve.substack.com/p/july-12-2021-anyswap-in-a-storm-;https://defillama.com/hacks
2021-07-chainswap-2,confirmed,2021-07-10 19:17:30,ChainSwap (2nd incident),lock-mint,BSC;Ethereum,4400000,~20 project tokens (WILD etc.),verification bug,no (unbacked mint),n/a,bsc:9042275,0x83b4adaf73ad34c5c53aa9b805579ed74bc1391c5297201e6457cde709dff723 (example tx; one of >=40),>=40,unknown,unknown,unknown,compensation plan announced,unknown,Burst of identical-size mints on destination with no matching lock on source,withdrawal_burst;accounting_mismatch,https://rekt.news/chainswap-rekt;https://chain-swap.medium.com/chainswap-exploit-11-july-2021-post-mortem-6e4e346e5a32;https://github.com/SunWeb3Sec/DeFiHackLabs
2021-07-thorchain-1,confirmed,2021-07-15,THORChain ETH router (1st),liquidity-pool,Ethereum;THORChain,5000000,ETH,message/proof forgery,partial,unknown,unknown,unknown,unknown,unknown,unknown,unknown,unknown,unknown,Vault payouts for inbound deposits that were not genuine,accounting_mismatch;outflow_spike,https://rekt.news/thorchain-rekt;https://defillama.com/hacks
2021-07-thorchain-2,confirmed,2021-07-22 21:39:40,THORChain ETH router (2nd),liquidity-pool,Ethereum;THORChain,8000000,ALCX;XRUNE;USDC;SUSHI;YFI;USDT,message/proof forgery,partial,0xf56cba49337a624e94042e325ad6bc864436e370,12878653,0x10352e6ec052771a92f05f93e037e066873f64bb502d4488726697987f054595,6,unknown,unknown,unknown,unknown,unknown,Vault refunds for deposits that never reached the official router; several tokens leave in a short series,accounting_mismatch;outflow_spike;withdrawal_burst,https://rekt.news/thorchain-rekt2;https://defillama.com/hacks
2021-08-poly-network,confirmed,2021-08-10 09:51:02,Poly Network,messaging,Ethereum;BSC;Polygon,611000000,USDC;WBTC;USDT;WETH;BNB;others,access control,yes,0x250e76987d838a75310c34bf422ea9f1ac4cc906,12996671,0xad7a2c70c958fcd3effbf374d0acf3774a9257577625ae4c838e24b0de17602a,unknown,unknown,unknown,same day (public within hours),Public appeal to attacker; Tether froze ~33M USDT; attacker returned funds over following weeks,~100 (returned by attacker),Keeper public-key replacement tx at 09:48:40 then large LockProxy unlocks on three chains,config_change;escrow_drain;large_withdrawal;outflow_spike,https://rekt.news/polynetwork-rekt;https://slowmist.medium.com/the-root-cause-of-poly-network-being-hacked-ec2ee1b0c68f;https://github.com/SunWeb3Sec/DeFiHackLabs
2021-09-pnetwork-pbtc,confirmed,2021-09-19,pNetwork pBTC-on-BSC,lock-mint,BSC;Bitcoin,12700000,277 BTC,message/proof forgery,yes,n/a,unknown,unknown,unknown,unknown,most of pBTC-on-BSC collateral,unknown,Bridges paused and patched; $1.5M bounty offered,unknown,BTC collateral released without matching pBTC burns,accounting_mismatch;escrow_drain,https://www.theblock.co/post/118060/defi-pnetwork-hack-wrapped-bitcoin-12-million-lost;https://cryptoslate.com/12-million-stolen-after-binance-smart-chain-defi-pnetwork-gets-hacked/;https://defillama.com/hacks
2021-11-synapse-attempt,off-scope,2021-11,Synapse nUSD pool (attempt stopped),liquidity-pool,Avalanche,0,nUSD,other,no,n/a,unknown,unknown,unknown,unknown,n/a,before confirmation,Validators paused and reversed; ~$8M protected,100,unusual pool activity seen by validators,none-vault-not-drained,https://cointelegraph.com/news/synapse-bridge-prevents-8m-usd-hack
2021-11-nerve-bridge,confirmed,2021-11-15,Nerve Bridge metapool,liquidity-pool,BSC,537000,BNB;fUSDT,other,partial,n/a,unknown,unknown,unknown,unknown,unknown,unknown,unknown,unknown,Price-skewing swaps against a bridged-asset metapool then pool outflow,outflow_spike,https://blocksecteam.medium.com/the-analysis-of-nerve-bridge-security-incident-ead361a21025;https://defillama.com/hacks
2022-01-multichain-approvals,confirmed,2022-01-18,Multichain/Anyswap router,router/aggregator,Ethereum;others,1400000,WETH and other approved tokens,user-approval abuse,no,n/a (router 0x6b7a87899490ece95443e979ca9485cbe7e71522),14037237,0xe50ed602bd916fc304d53c4fed236698b71691a95774ff0aeeb74b699c6227f7 (example tx; exploitation began ~Jan 18),unknown,unknown,n/a,unknown,Users told to revoke approvals,unknown,transferFrom out of many unrelated user wallets through the router; bridge vault balance unchanged,none-vault-not-drained,https://medium.com/zengo/without-permit-multichains-exploit-explained-8417e8c1639b;https://github.com/SunWeb3Sec/DeFiHackLabs;https://defillama.com/hacks
2022-01-qubit,confirmed,2022-01-27 21:34:01,Qubit QBridge,lock-mint,Ethereum;BSC,80000000,qXETH minted -> BNB,message/proof forgery,no (unbacked mint),0x20e5e35ba29dc3b540a1aee781d0814d5c77bce6,14090170,0xac7292e7d0ec8ebe1c94203d190874b2aab30592327b6cc875d00f18de6f3133 (zero-value ETH deposit; theft on BSC bsc:14742312),unknown,unknown,n/a,unknown (ETH deposit 21:34 -> BSC mint 21:51),Bounty offered,none reported,Deposit events on ETH with no ERC-20 inflow followed by large qXETH mints on BSC,accounting_mismatch,https://rekt.news/qubit-rekt;https://medium.com/@QubitFin/protocol-exploit-report-305c34540fa3;https://github.com/SunWeb3Sec/DeFiHackLabs
2022-02-wormhole,confirmed,2022-02-02 18:26:03,Wormhole Portal,messaging,Solana;Ethereum,326000000,wETH (120k minted on Solana; 93750 ETH released on Ethereum),verification bug,partial,0x3ee18b2214aff97000d974cf647e7c347e8fa585,14128223,0x4d5201dd4a377f20e61fb8f42e6f929ec16bcec918f0584e39241d15b254a80f,1 mint + 2 ETH redemptions,7.5 (Ethereum leg),unknown,~43 min (imbalance noticed 19:07; network down 19:33),Network shut down; Jump Crypto replaced 120k ETH within a day; $10M bounty offer,100 (backstopped by Jump; not returned by attacker),Mint on Solana with no lock on Ethereum then two very large ETH releases from the Ethereum token bridge,accounting_mismatch;large_withdrawal;escrow_drain;outflow_spike,https://rekt.news/wormhole-rekt;https://postquantum.com/crypto-security/wormhole-bridge-hack/;https://defillama.com/hacks
2022-02-meter,confirmed,2022-02-05,Meter Passport,lock-mint,BSC;Ethereum;Moonriver,4400000,BNB;WETH,message/proof forgery,yes,unknown,unknown,unknown,unknown,unknown,unknown,unknown,Bridge halted; reimbursement pledged in MTRG,unknown,Destination releases/mints of BNB and WETH without matching source lock,accounting_mismatch;escrow_drain,https://rekt.news/meter-rekt;https://blog.chainsafe.io/breaking-down-the-meter-io-hack-a46a389e7ae4;https://defillama.com/hacks
2022-03-lifi,confirmed,2022-03-20 02:51:44,LI.FI (2022),router/aggregator,Ethereum,600000,USDT;USDC;MATIC;others,user-approval abuse,no,n/a (users' wallets),14420687,0x4b4143cbe7f5475029cf23d6dcbb56856366d91794426f2e33819b9b1aac4e96,unknown,unknown,n/a,unknown,DEX whitelist added,unknown,One tx pulling tokens from many unrelated wallets that had approved the aggregator,none-vault-not-drained,https://blog.li.fi/20th-march-the-exploit-e9e1c5c03eb9;https://github.com/SunWeb3Sec/DeFiHackLabs;https://defillama.com/hacks
2022-03-ronin,confirmed,2022-03-23 13:29:09,Ronin Bridge,lock-mint,Ethereum;Ronin,624000000,173600 ETH;25.5M USDC,key/signer compromise,yes,0x1a2a1c938ce3ec39b6d47113c7955baa9dd454f2,14442835,0xc28fad5e8d5e0ce6a2eaf67b6687be5d58113e16be590824d6cfa1a94467d0b7,2,2,near-total,~6 days (user could not withdraw 5k ETH),Threshold raised to 8/9; Sky Mavis reimbursed users; ~$30M later seized by authorities,~5 seized (users made whole by operator),Two validator-signed withdrawals (one of 173600 ETH) from a fresh EOA funded minutes earlier,large_withdrawal;escrow_drain;outflow_spike,https://rekt.news/ronin-rekt;https://forta.org/blog/ronin-hack;https://www.chainalysis.com/blog/axie-infinity-ronin-bridge-dprk-hack-seizure/;https://defillama.com/hacks
2022-05-qanx-bridge,unconfirmed,2022-05-18,QANX Bridge,lock-mint,Ethereum,707000,QANX,key/signer compromise,unknown,unknown,unknown,unknown,unknown,unknown,unknown,unknown,unknown,unknown,unknown,unknown,https://defillama.com/hacks
2022-06-harmony,confirmed,2022-06-23 11:06:46,Harmony Horizon,lock-mint,Ethereum;BSC;Harmony,100000000,ETH;BUSD;USDT;USDC;other ERC-20s,key/signer compromise,yes,0xf9fb1c508ff49f78b60d3a96dea99fa5d7f3a8a6;0xfd53b1b4af84d59b20bf2c20ca89a6beeaa2c628;0x2dccdb493827e15a5dc8f8b72147e6c4a5620857,15012646,0x27981c7289c372e601c9475e5b5466310be18ed10b59d1ac840145f6e7804c97,unknown,unknown,near-total of ETH-side escrow,>14 h to public announcement (rekt),Bridge halted; bounty offered,none reported,2-of-5 multisig confirmations by the same two signers followed by vault-sized withdrawals across several bridge contracts,escrow_drain;large_withdrawal;withdrawal_burst;outflow_spike,https://rekt.news/harmony-rekt;https://www.certik.com/skynet-report/harmony-incident-analysis;https://cointelegraph.com/news/breaking-harmony-one-s-horizon-bridge-hacked-for-100m
2022-08-nomad,confirmed,2022-08-01 21:32:31,Nomad Bridge,messaging,Ethereum;Moonbeam;Evmos;Milkomeda,190000000,WBTC;WETH;USDC;USDT;DAI;others,faulty upgrade/initialisation,yes,0x88a69b4e698a4b090df6cf5bd7b2d47325ad30a3,15259101,0xb1fe26cc8892f58eb468f5208baaf38bac422b5752cca0b9c8a871855d63ae28,hundreds (>300 addresses),~150 main wave (tail to ~05:49 next day),near-total,~3 h to team acknowledgement (rekt),Whitehat return address published; bounty for returns,partial whitehat returns (exact share: open question),Hundreds of near-identical process() calls from many addresses releasing round amounts (e.g. 100 WBTC); faulty init tx 41 days earlier,withdrawal_burst;outflow_spike;escrow_drain;config_change,https://rekt.news/nomad-rekt;https://www.theblock.co/post/160851/nomads-190-million-bridge-exploit-drew-hacking-feeding-frenzy-of-300-addresses;https://www.halborn.com/blog/post/the-nomad-bridge-hack-a-deeper-dive
2022-08-celer-cbridge,confirmed,2022-08-17,Celer cBridge (frontend),liquidity-pool,Ethereum;Polygon;BSC;Avalanche;Arbitrum;others,240000,user tokens,frontend/DNS,no,n/a,unknown,unknown,unknown,118 (19:51-21:49 victim thefts),n/a,unknown,cBridge frontend shut down; affected users compensated,unknown,New unknown contract suddenly receiving approvals from bridge users; vault untouched,none-vault-not-drained,https://www.kentik.com/blog/bgp-hijacks-targeting-cryptocurrency-services/;https://cointelegraph.com/news/celer-network-shuts-down-bridge-over-potential-dns-hijacking;https://defillama.com/hacks
2022-10-transit-swap,confirmed,2022-10-02,Transit Swap,router/aggregator,BSC;Ethereum;others,21200000,user tokens,user-approval abuse,no,n/a,unknown,unknown,unknown,unknown,n/a,unknown,unknown,unknown,Many users' approved tokens pulled through the aggregator; no escrow involved,none-vault-not-drained,https://rekt.news/transit-swap-rekt;https://defillama.com/hacks
2022-10-bnb-token-hub,confirmed,2022-10-06 18:26:46,BNB Chain Token Hub,lock-mint,BNB Beacon Chain;BSC,570000000,2M BNB minted (~$100-137M moved off BSC),message/proof forgery,no (mint from nothing),n/a (BSC system contract 0x...2000),bsc:21957793,0xebf83628ba893d35b496121fb8201666b8e09f3cbadf0e269162baa72efe3b8b,2 mints,136 (between the two mints),n/a,~2 h (chain halted after 2nd mint),All validators halted BSC; patch; ~$7M frozen,~75-80 stranded on BSC (only ~$100-137M left),1M BNB credited by the cross-chain system contract to a fresh address with no Beacon Chain lock; posted as lending collateral,accounting_mismatch;large_withdrawal,https://rekt.news/bnb-bridge-rekt;https://nansen.ai/research/bnb-chains-cross-chain-bridge-exploit-explained;https://www.theblock.co/post/175437/biance-bnb-chain-is-back-up-after-bridge-exploit
2022-11-rubic-key,unconfirmed,2022-11-02,Rubic (key),router/aggregator,Ethereum,1200000,unknown,key/signer compromise,unknown,unknown,unknown,unknown,unknown,unknown,unknown,unknown,unknown,unknown,unknown,unknown,https://defillama.com/hacks
2022-11-pnetwork-pgala,unconfirmed,2022-11-03,pNetwork pGALA,lock-mint,BSC,4300000,pGALA,key/signer compromise,no (unbacked mint),n/a,unknown,unknown,unknown,unknown,n/a,unknown,unknown,unknown,unbacked pGALA supply on BSC,accounting_mismatch,https://defillama.com/hacks
2022-11-numbers,unconfirmed,2022-11-23,Numbers Protocol bridge,unknown,Ethereum,13836,unknown,other,unknown,unknown,unknown,unknown,unknown,unknown,unknown,unknown,unknown,unknown,unknown,unknown,https://defillama.com/hacks
2022-12-rubic,confirmed,2022-12-25 08:31:11,Rubic cross-chain router,router/aggregator,Ethereum,1410000,USDC,user-approval abuse,no,n/a,16260581,0x9a97d85642f956ad7a6b852cf7bed6f9669e2c2815f3279855acf7f1328e7d46,unknown,unknown,n/a,unknown,unknown,unknown,One tx pulling USDC from dozens of user wallets,none-vault-not-drained,https://twitter.com/BlockSecTeam/status/1606993118901198849;https://github.com/SunWeb3Sec/DeFiHackLabs;https://defillama.com/hacks
2023-02-multichain-permit,unconfirmed,2023-02-15,Multichain V4 router (WETH permit),router/aggregator,Ethereum,130000,WETH (~87 ETH),user-approval abuse,no,n/a,unknown,unknown,unknown,unknown,n/a,unknown,unknown,unknown,unknown,none-vault-not-drained,https://defillama.com/hacks
2023-04-allbridge-core,confirmed,2023-04-01,Allbridge Core (BSC pools),liquidity-pool,BSC,573000,BUSD;USDT,other,partial,n/a,bsc:26982068,0x7ff1364c3b3b296b411965339ed956da5d17058f3164425ce800d64f1aef8210,unknown,unknown,unknown,unknown,Bridge paused,unknown,Flash-loan sized swaps that skew pool pricing then abnormal pool outflow,outflow_spike,https://github.com/SunWeb3Sec/DeFiHackLabs;https://defillama.com/hacks
2023-04-filda,unconfirmed,2023-04-23,FilDA (Elastos/REI bridge),unknown,Elastos;REI,700000,unknown,other,unknown,unknown,unknown,unknown,unknown,unknown,unknown,unknown,unknown,unknown,unknown,unknown,https://defillama.com/hacks
2023-06-hector,off-scope,2023-06-02,Hector Lending (not a bridge),other,Fantom,653000,unknown,user-approval abuse,n/a,n/a,unknown,unknown,unknown,unknown,n/a,unknown,unknown,unknown,unknown,none-vault-not-drained,https://defillama.com/hacks
2023-07-poly-network,confirmed,2023-07-01 18:47:47,Poly Network (2023),messaging,Ethereum;BSC;Polygon;others,5000000,billions of tokens minted on paper; ~$5-10M realised,key/signer compromise,partial,0x250e76987d838a75310c34bf422ea9f1ac4cc906,17601076,0x3a6e5d7e1b9386940b1db81d4e514cbaf5986963f3124dd7eb2a06989890f993,unknown,unknown,n/a,~7 h without developer response (Dedaub via ForkLog),Bridge paused after ~7 h,unknown,Very large mints of bridged tokens authorised through the keeper multisig with no source-chain lock; on Ethereum the LockProxy also released ~$5.77M of USDT/USDC/DAI in consecutive blocks (03-onchain-data/hacks/poly-2023.json),accounting_mismatch;escrow_drain;large_withdrawal,https://forklog.com/en/news/experts-call-the-34-billion-attack-the-new-poly-network-exploit;https://defillama.com/hacks
2023-07-multichain,confirmed,2023-07-06 16:21:23,Multichain (Fantom/Moonriver/Dogechain bridges),mpc-custody,Ethereum;Fantom;Moonriver;Dogechain,126000000,USDC;WBTC;WETH;DAI;LINK;USDT;others,insider/custody,yes,0xc564ee9f21ed8a2d8e7e76c085740d5e4c5fafbe,17635954,0xde3eed5656263b85d43a89f1d2f6af8fde0d93e49f4642053164d773507323f8 ($2 test; main drain 18:10:35 block 17636491),unknown (dozens),unknown (main drain began 18:10:35),near-total of Fantom bridge escrow,minutes (Cyvers flagged test txs) but operator unreachable,Could not pause (MPC keys held by unknown party); Circle froze ~$65M USDC; Tether froze ~$2.5M,~50 frozen by issuers (not returned to users),Small test withdrawal then multi-million releases of every asset from MPC-controlled escrow to fresh addresses,escrow_drain;large_withdrawal;outflow_spike;withdrawal_burst,https://unchainedcrypto.com/hack-or-rugpull-multichain-sees-126-million-abnormal-outflows/;https://coindesk.com/business/2023/07/06/multichain-bridges-experience-unannounced-outflows-of-over-130m-in-crypto/;https://www.globalsecuritymag.fr/CyVers-Discovers-126M-Multichain-Hack.html
2023-11-heco-bridge,confirmed,2023-11-22 09:59:35,HECO Bridge,lock-mint,Ethereum;HECO,86600000,USDT;ETH;HBTC;SHIB;UNI;USDC;LINK;TUSD,key/signer compromise,yes,0xa929022c9107643515f5c777ce9a910f0d1e490c,18626540,0xbb6fe88427c2f3bc179075109d47a805dcfedab0e475eaca0d979311873e131b,unknown,unknown,unknown,same day (public alerts by security firms),Operator promised user compensation,unknown,Operator-authorised releases of every major asset from the ETH escrow to one address,escrow_drain;large_withdrawal;withdrawal_burst;outflow_spike,https://www.theblock.co/post/264271/heco-bridge-appears-to-have-been-drained-of-86-6-million;https://cointelegraph.com/news/heco-chain-bridge-hack-86-million-lost;https://defillama.com/hacks
2023-12-orbit-bridge,confirmed,2023-12-31 21:07:59,Orbit Bridge,lock-mint,Ethereum;Orbit,81700000,USDT;USDC;ETH;WBTC;DAI,key/signer compromise,yes,0x1bf68a9d1eaee7826b3593c20a0ca93293cb489a,18908035,0xafdc36278fcef8d54824b09ec019147cfe2afd995abf6754e52d273a2c1b07ca,unknown (one per asset),18 (21:07:59-21:25:35),unknown,minutes (public alarms); bridge deactivated 22:21:35 (74 min after first theft),Bridge deactivated; exchanges asked to freeze; insider suspected,none reported,Multisig-signed withdrawals of each asset in turn emptying the escrow within ~18 min,escrow_drain;large_withdrawal;withdrawal_burst;outflow_spike,https://www.rekt.news/orbit-bridge-rekt;https://forklog.com/en/former-orbit-bridge-employee-suspected-of-aiding-80-million-attack/amp;https://cointelegraph.com/news/cross-chain-protocol-orbit-bridge-suffers-exploit-hack
2024-01-socket-bungee,confirmed,2024-01-16 19:11:23,Socket/Bungee gateway,router/aggregator,Ethereum;others,3300000,USDC;WETH;WBTC;DAI;MATIC,user-approval abuse,no,n/a (gateway 0x3a23f943181408eac424116af7b7790c94cb97a5),19021454,0xc6c3331fa8c2d30e1ef208424c08c039a89e510df2fb6ae31e5aa40722e28fd6,unknown (231 wallets drained),unknown,n/a,~1 h to public pause notice (community flagged earlier),Route disabled on-chain 19:25:47 (14 min after first theft); 1032 ETH recovered,~70,Gateway pulling approved tokens from many user wallets; new route added 3 days earlier,none-vault-not-drained;config_change,https://www.theblock.co/post/272986/socket-says-bungee-protocol-exploited;https://www.theblock.co/post/273964/socket-ether-recovery-bungee-exploit;https://defillama.com/hacks
2024-04-xbridge,confirmed,2024-04-24 07:19:35,XBridge,lock-mint,Ethereum;BSC,1440000,STC;SRLTY;Mazi;others,access control,partial,0x47ddb6a433b76117a98fbeab5320d8b67d468e31,19723706,0x903d88a92cbc0165a7f662305ac1bff97430dbcccaa0fe71e101e18aa9109c92,unknown,unknown,unknown,unknown,unknown,unknown,Token withdrawals from the bridge contract by a non-operator address,escrow_drain;outflow_spike,https://github.com/SunWeb3Sec/DeFiHackLabs;https://defillama.com/hacks
2024-05-alex,unconfirmed,2024-05-16,ALEX bridge,lock-mint,Stacks,4300000,unknown,key/signer compromise,unknown,unknown,unknown,unknown,unknown,unknown,unknown,unknown,unknown,unknown,unknown,unknown,https://defillama.com/hacks
2024-07-lifi,confirmed,2024-07-16 12:06:35,LI.FI (2024),router/aggregator,Ethereum;Arbitrum;others,9730000,USDT;USDC;DAI,user-approval abuse,no,n/a (LiFiDiamond 0x1231deb6f5749ef6ce6943a275a1d3e7486f4eae),20318963,0xd82fe84e63b1aa52e1ce540582ee0895ba4a71ec5e7a632a3faa1aff3e763873,unknown (many),unknown,n/a,unknown,Faulty facet disabled,unknown,Diamond pulling approved stablecoins from many user wallets shortly after a new facet was added,none-vault-not-drained;config_change,https://github.com/SunWeb3Sec/DeFiHackLabs;https://defillama.com/hacks
2024-08-ronin,confirmed,2024-08-06 09:37:23,Ronin Bridge (2024),lock-mint,Ethereum;Ronin,12000000,~3996 ETH;~2M USDC,faulty upgrade/initialisation,partial,0x64192819ac13ef72bf6b5ae239ac672b43a9af08,20468679,0x2619570088683e6cc3a38d93c3d98899e5783864e15525d5f5810c11189ba6cb,~2,unknown,unknown (per-tx cap limited loss),38 min (pause at 10:15:23),Bridge paused; whitehat MEV bots returned funds for $500K bounty,~96 (returned minus bounty),Proxy upgrade at 08:48:47 then withdrawals exactly at the per-tx cap,config_change;large_withdrawal;outflow_spike,https://www.theblock.co/post/309707/ronin-bridge-pauses;https://threesigma.xyz/blog/ronin-exploit;https://blog.solidityscan.com/ronin-bridge-hack-analysis-d8f64b8fe683/
2024-08-poly-network,unconfirmed,2024-08-12,Poly Network (2024),messaging,unknown,5000000,unknown,other,unknown,unknown,unknown,unknown,unknown,unknown,unknown,unknown,unknown,unknown,unknown,unknown,https://defillama.com/hacks
2024-12-fegex,unconfirmed,2024-12-29,Fegex,unknown,Ethereum;BSC;Base,1070000,unknown,message/proof forgery,unknown,unknown,unknown,unknown,unknown,unknown,unknown,unknown,unknown,unknown,unknown,unknown,https://defillama.com/hacks
2025-01-noones,unconfirmed,2025-01-01,NoOnes (Solana bridge),unknown,Ethereum;BSC;Solana;Tron,7900000,unknown,message/proof forgery,unknown,unknown,unknown,unknown,unknown,unknown,unknown,unknown,unknown,unknown,unknown,unknown,https://defillama.com/hacks
2025-06-force-bridge,confirmed,2025-06-01 07:16:47,Force Bridge (Nervos),lock-mint,Ethereum;BSC;Nervos,3760000,USDT;ETH;USDC;DAI;WBTC,access control,yes,0x63a993502e74828ddba5710327afc6dc78d661b2,22608306,0x6b6fbd9d6beef56d2a4f0d14852beea381764b962d7d73ecd216b9fd991299a1,unknown,unknown,unknown,~1 day to public alert (Cyvers 2025-06-02),Bridge paused (already being sunset); funds sent through Tornado Cash,none reported,A new address gains control of the bridge then releases each asset on ETH and BSC; failed attempts in prior hours (Hacken),escrow_drain;large_withdrawal;withdrawal_burst;outflow_spike;config_change,https://www.theblock.co/post/356535/hackers-drain-over-3-million-in-crypto-from-nervos-networks-force-cross-chain-bridge-say-security-analysts;https://www.halborn.com/blog/post/explained-the-force-bridge-hack-june-2025;https://defillama.com/hacks
2025-07-zkswap,unconfirmed,2025-07-09,ZKSwap,canonical-rollup,Ethereum,5000000,unknown,message/proof forgery,unknown,unknown,unknown,unknown,unknown,unknown,unknown,unknown,unknown,unknown,unknown,unknown,https://defillama.com/hacks
2025-07-kinto,unconfirmed,2025-07-10,Kinto,unknown,Arbitrum,1550000,K token,faulty upgrade/initialisation,unknown,unknown,unknown,unknown,unknown,unknown,unknown,unknown,unknown,unknown,unknown,unknown,https://defillama.com/hacks
2025-07-anyswap-permit,unconfirmed,2025-07-29 19:32:35,Anyswap legacy router (WETH permit),router/aggregator,Ethereum,unknown,WETH,user-approval abuse,no,n/a (router 0x6b7a87899490ece95443e979ca9485cbe7e71522),23026900,0xae79fdcfd7c36ed654d11b352b495340bd3cc47d0849c35ac6ffa1e4859098ec,unknown,unknown,n/a,unknown,unknown,unknown,Legacy router spending a user's WETH allowance; no escrow outflow,none-vault-not-drained,https://github.com/SunWeb3Sec/DeFiHackLabs
2025-09-shibarium,confirmed,2025-09-12 18:44:47,Shibarium bridge,lock-mint,Ethereum;Shibarium,2400000,224.57 ETH;92.6B SHIB;KNINE,key/signer compromise,partial,0x6aca26bfce7675ff71c734bf26c8c0ac4039a4fa,23348858,0xe882a83afb92d6070b848ef025ae699ec043b7c2f31b21d2a08c94306f9b817e,unknown,unknown,unknown,unknown,Staking/unstaking paused; funds moved to 6-of-9 multisig; KNINE blacklisted,~$1M neutralised (blacklist),Validator-majority checkpoint followed by large ETH and SHIB releases from the bridge escrow in one burst,escrow_drain;large_withdrawal;config_change,https://www.theblock.co/post/370536/shibarium-bridge-suffers-sophisticated-flash-loan-attack-with-2-4-million-drained;https://news.shib.io/2025/09/16/2m-shibarium-bridge-exploit-crucial-response-now-limits-losses/;https://alpha.rekt.news/shibarium-rekt
2025-09-seedify,unconfirmed,2025-09-23,Seedify SFUND bridge,burn-mint,BSC;Avalanche,1200000,SFUND,key/signer compromise,no (unbacked mint),unknown,unknown,unknown,unknown,unknown,unknown,unknown,unknown,unknown,unknown,accounting_mismatch,https://defillama.com/hacks
2025-09-griffinai,unconfirmed,2025-09-24,GriffinAI (LayerZero OFT),messaging,BSC,3000000,GAIN,message/proof forgery,no (unbacked mint),unknown,unknown,unknown,unknown,unknown,unknown,unknown,unknown,unknown,unknown,accounting_mismatch;config_change,https://defillama.com/hacks
2025-10-402bridge,unconfirmed,2025-10-27,402bridge,router/aggregator,Base,17693,USDC,key/signer compromise,unknown,unknown,unknown,unknown,unknown,unknown,unknown,unknown,unknown,unknown,unknown,unknown,https://defillama.com/hacks
2025-10-garden,confirmed,2025-10-30,Garden Finance (solver),router/aggregator,Bitcoin;Ethereum;Arbitrum;Base;Solana,11000000,BTC;ETH;stablecoins (solver inventory),key/signer compromise,partial (solver inventory),n/a,unknown,unknown,unknown,unknown,unknown,unknown,App taken offline; 10% bounty offered,unknown,Large outflows from a solver wallet rather than a bridge escrow,outflow_spike (only if solver wallets are monitored),https://web3isgoinggreat.com/single/garden-hacked-for-11-million;https://cyber.thomasmurray.com/insights/company-loses-us-11-million-after-solver-exploit-exposes-risks-defi-bridges;https://defillama.com/hacks
2025-11-dimo,off-scope,2025-11-07,DIMO (deployer key; not a bridge vault),other,Ethereum,40000,unknown,key/signer compromise,n/a,n/a,unknown,unknown,unknown,unknown,n/a,unknown,unknown,unknown,unknown,unknown,https://defillama.com/hacks
2025-11-port3,off-scope,2025-11-23,Port3 Network (token infinite mint),other,BSC,166000,unknown,other,n/a,n/a,unknown,unknown,unknown,unknown,n/a,unknown,unknown,unknown,unknown,unknown,https://defillama.com/hacks
2026-02-crosscurve,unconfirmed,2026-02-01,CrossCurve,messaging,unknown,3000000,unknown,message/proof forgery,unknown,unknown,unknown,unknown,unknown,unknown,unknown,unknown,unknown,unknown,unknown,unknown,https://defillama.com/hacks
2026-02-iotex-iotube,confirmed,2026-02-21 01:25:47,IoTeX ioTube,lock-mint,Ethereum;IoTeX,4400000,USDT;USDC;WETH;WBTC;DAI;PAXG;IOTX;BUSD;UNI; 410M CIOTX minted,key/signer compromise,yes,0xc2e0f31d739cb3153ba5760a203b3bd7c27f0d7a,24501938,0x1b5772b2a0e1f71327e227ed4ff3ef9fbdc63a47cc8a7fb8995aab41dc7d7c3d,unknown,unknown,unknown,"hours (team detected ""early hours"" of 02-21)",Bridge paused; exchanges froze funds; recovery and compensation plan,unknown (project reports a full compensation plan),Validator ownership transfer 01:07:35 and contract upgrade 01:20:35 then TokenSafe drained and CIOTX minted,config_change;escrow_drain;large_withdrawal;outflow_spike;accounting_mismatch,https://iotex.io/blog/security-incident-update-iotube-bridge-exploit-and-recovery-roadmap/;https://iotex.io/blog/how-iotex-responded-to-the-iotube-bridge-incident-a-full-month-in-review/;https://www.crowdfundinsider.com/2026/02/263392-iotex-suffers-private-key-compromise-in-bridge-infrastructure-co-founder-confirms-roughly-2-million-in-losses/
2026-02-dgld,off-scope,2026-02-23,DGLD (token infinite mint),other,Base,250000,unknown,other,n/a,n/a,unknown,unknown,unknown,unknown,n/a,unknown,unknown,unknown,unknown,unknown,https://defillama.com/hacks
2026-04-aethir,unconfirmed,2026-04-09,Aethir bridge,unknown,BSC,400000,unknown,access control,unknown,unknown,unknown,unknown,unknown,unknown,unknown,unknown,unknown,unknown,unknown,unknown,https://defillama.com/hacks
2026-04-hyperbridge,confirmed,2026-04-13 03:02:11,Hyperbridge token gateway,messaging,Ethereum;Base;BSC;Arbitrum,2500000,bridged DOT (1B minted);WETH (~245 ETH),message/proof forgery,partial,0xfd413e3afe560182c4471f4d143a96d3e259b6de,24868029,0xeff151ef58d57d6523874a7b97344fcd1ce3c7c6880cfc26a93da17f82062d59,several (follow-ons 04:20-05:07),~125 (03:02-05:07),unknown,~0 min (Hypernative flagged main exploit in same minute); freeze >70 min later,Gateway frozen; compensation via token backstop proposed,none reported,WETH leaves the gateway then 1B bridged DOT minted with no source-chain lock and dumped into thin pools,accounting_mismatch;escrow_drain;large_withdrawal,https://www.hypernative.io/blog/how-three-compounding-failures-let-an-attacker-mint-1-2b-in-bridged-tokens;https://decrypt.co/364588/polkadot-ethereum-bridge-hack-losses-10x-worse-team-admits;https://cointelegraph.com/news/hacker-steals-237k-1b-bridged-dot-hyperbridge;https://range.org/blog/1-billion-tokens-minted-inside-the-hyperbridge-gateway-exploit
2026-04-kelpdao-rseth,confirmed,2026-04-18 17:35:35,KelpDAO rsETH (LayerZero OFT adapter),messaging,Ethereum;Arbitrum;Unichain,292000000,116500 rsETH,verifier/oracle/RPC manipulation,yes,0x85d456b2dff1fd8245387c0bfb64dfb700e98ef3,24908285,0x1ae232da212c45f35c1525f851e4c41d529bf18af862d9ce9fd40bf709db4222,1 (+2 reverted replays),~0 (single tx),unknown,46 min to pause (18:21:59),pauseAll by emergency multisig; Aave froze rsETH markets 77 min after; Arbitrum Security Council recovered 30766 ETH,partial (30766 ETH; share unknown),One release of 116500 rsETH from the adapter escrow against a packet with no matching source burn,escrow_drain;large_withdrawal;accounting_mismatch,https://www.theblock.co/post/397988;https://www.galaxy.com/insights/research/kelpdao-layerzero-exploit-defi;https://thedefiant.io/news/hacks/layerzero-s-incident-report-says-kelp-downgraded-from-2-of-2-to-1-of-1-before-usd292m-exploit
2026-04-zetachain,unconfirmed,2026-04-27,ZetaChain gateway,messaging,Ethereum;Base;Polygon;Arbitrum;Avalanche;BSC,333868,unknown,user-approval abuse,no,unknown,unknown,unknown,unknown,unknown,n/a,unknown,unknown,unknown,unknown,none-vault-not-drained,https://defillama.com/hacks
2026-04-syndicate,unconfirmed,2026-04-29,Syndicate bridge,unknown,Base,380000,unknown,other,unknown,unknown,unknown,unknown,unknown,unknown,unknown,unknown,unknown,100 (DefiLlama returnedFunds),unknown,unknown,https://defillama.com/hacks
2026-05-tac-ton,confirmed,2026-05-11,TAC TON-TAC bridge,lock-mint,TON;TAC,2860000,USDT;BLUM;tsTON,message/proof forgery,partial,n/a,unknown,unknown,unknown,unknown,unknown,unknown,Bridge paused; ~90% returned to TAC multisig on 05-14,~90,Unbacked mints on TAC from counterfeit deposit messages then genuine TON-side assets released,accounting_mismatch;escrow_drain,https://alpha.rekt.news/tac-rekt;https://www.kucoin.com/news/flash/tac-discloses-ton-tac-bridge-vulnerability-recovers-90-of-stolen-assets;https://defillama.com/hacks
2026-05-thorchain-asgard,confirmed,2026-05-15,THORChain Asgard vault,mpc-custody,Bitcoin;Ethereum;BSC;Base,10700000,protocol-owned vault assets,key/signer compromise,partial (1 of 6 vaults),unknown,unknown,unknown,unknown,unknown,unknown,unknown,Trading paused ~5 weeks; loss absorbed by protocol-owned liquidity,0 (absorbed by protocol),Outflows signed by the vault's threshold key to non-user addresses across 4 chains,escrow_drain;outflow_spike;withdrawal_burst,https://theblock.co/post/401462/thorchain-pauses-trading-as-security-researchers-flag-suspected-10m-multi-chain-exploit;https://www.theblock.co/post/405767/thorchain-resumes-trading-after-exploit;https://defillama.com/hacks
2026-05-adshares,confirmed,2026-05-15 20:32:11,Adshares bridge,lock-mint,Ethereum;Adshares,628000,wADS minted,message/proof forgery,no (unbacked mint),n/a (wADS 0xcfcecfe2bd2fed07a9145222e8a7ad9cf1ccd22a),25102963,0x8844b4ec371c4b13d7fac701b5d546a7c2fba12621a9596dd14b662b14408789,unknown,unknown,n/a,unknown,unknown,unknown,wADS minted on Ethereum with no matching lock on the native chain,accounting_mismatch,https://github.com/SunWeb3Sec/DeFiHackLabs;https://defillama.com/hacks
2026-05-verus-1,confirmed,2026-05-17 23:55:23,Verus-Ethereum bridge (1st),lock-mint,Ethereum;Verus,11580000,103.6 tBTC;1625 ETH;147k USDC,message/proof forgery,yes,0x71518580f36feceffe0721f06ba4703218cd7f63,25118335,0x6990f01720f57fc515d0e976a0c4f8157e0a9529194c4c15d190e98d087eb321,unknown,unknown,unknown,minutes (Blockaid flagged while ongoing),Network suspended; bounty; 4052.4 ETH returned (attacker kept 1350 ETH); funds redeposited 07-08,~75,Ethereum-side payouts from the bridge reserve with no matching value committed on Verus,escrow_drain;large_withdrawal;accounting_mismatch;outflow_spike,https://www.theblock.co/post/401571/verus-ethereum-bridge-exploit;https://www.merklescience.com/blog/hack-track-the-11-58m-verus-bridge-hack;https://whale-alert.io/stories/fab701ad0a8f64/Verus-bridge-exploiter-returns-85M-in-ETH-after-bounty-offer
2026-05-echo-bridge,unconfirmed,2026-05-18,Echo Bridge,unknown,Monad,821000,unknown,key/signer compromise,unknown,unknown,unknown,unknown,unknown,unknown,unknown,unknown,unknown,unknown,unknown,unknown,https://defillama.com/hacks
2026-05-map-protocol,confirmed,2026-05-20 16:13:59,MAP Protocol bridge,burn-mint,Ethereum;BSC,110000,MAPO minted,verification bug,no (unbacked mint),n/a (MAPO 0x66d79b8f60ec93bfce0b56f5ac14a2714e509a99),25137572,0x31e56b4737649e0acdb0ebb4eca44d16aeca25f60c022cbde85f092bde27664a,unknown,unknown,n/a,unknown,unknown,unknown,MAPO minted on Ethereum with no matching burn on the source chain,accounting_mismatch,https://github.com/SunWeb3Sec/DeFiHackLabs;https://defillama.com/hacks
2026-05-stakedao,off-scope,2026-05-27,Stake DAO Yield (deployer key),other,Arbitrum,91000,unknown,key/signer compromise,n/a,n/a,unknown,unknown,unknown,unknown,n/a,unknown,unknown,unknown,unknown,unknown,https://defillama.com/hacks
2026-05-alephium,unconfirmed,2026-05-30,Alephium bridge,lock-mint,Ethereum;Alephium,815000,unknown,message/proof forgery,unknown,unknown,unknown,unknown,unknown,unknown,unknown,unknown,unknown,unknown,unknown,unknown,https://defillama.com/hacks
2026-05-gravity-bridge,confirmed,2026-05-30 02:27:59,Gravity Bridge,lock-mint,Ethereum;Gravity Bridge (Cosmos),5400000,~4.3M USDC;274 WETH;434k USDT;14.164 PAXG,key/signer compromise,yes,0xa4108aa1ec4967f8b52220a4f7e94a8201f2d906,25205201,0xfce883a8f9a4f3479cce1368b99287973ab40451ac092f5a41e1e09eecab5044,unknown (one per asset),3.2 (02:27:59-02:31:11),unknown,minutes (on-chain analyst flagged),Validators halted chain and orchestrators,none reported,Validator-set-signed releases of four assets from the Ethereum escrow within ~3 min; new validator registered the day before (QuillAudits),escrow_drain;large_withdrawal;withdrawal_burst;outflow_spike,https://whale-alert.io/stories/dbbb01f14e3f8d/Gravity-Bridge-halts-Ethereum-Cosmos-bridge-after-reported-54M-exploit;https://quillaudits.com/blog/hack-analysis/gravity-bridge-demon-mapping-poisoning;https://blockchain.news/news/gravity-bridge-halts-54m-exploit
2026-06-syscoin,confirmed,2026-06-07,Syscoin bridge,lock-mint,Syscoin;NEVM,10000000,~5B SYS minted,message/proof forgery,no (unbacked mint),n/a,unknown,unknown,unknown,unknown,n/a,unknown,Bridge paused; exchanges froze minted SYS; funds returned and burned,~100,Large SYS mint on the destination with no matching source lock,accounting_mismatch;large_withdrawal,https://syscoin.org/news/technical-postmortem-syscoin-bridge-incident-recovery-and-remediation;https://www.halborn.com/blog/post/explained-the-syscoin-bridge-hack-june-2026;https://defillama.com/hacks
2026-06-axelar-secret,unconfirmed,2026-06-10,Axelar-Secret IBC route,messaging,Ethereum;Secret,4670000,unknown,message/proof forgery,no (unbacked mint),unknown,unknown,unknown,unknown,unknown,unknown,unknown,unknown,unknown,unknown,accounting_mismatch,https://defillama.com/hacks
2026-06-aztec-connect,confirmed,2026-06-14 12:26:23,Aztec Connect (deprecated),canonical-rollup,Ethereum;Aztec,2190000,ETH;DAI;wstETH;yvDAI;yvWETH;LUSD;yvLUSD,verification bug,yes,0xff1f2b4adb9df6fc8eafecdcbf96a2b351680455,25315715,0x074ec9317d8336db37e8c348fbdd7515573ff4088239c77ab429f522509aeeb1,1,~0 (single tx),unknown,Blockaid saw prep 6 min before; CertiK public 74 min before Aztec statement,None possible (immutable contracts),0,One rollup settlement that pays out many assets from the L1 pool with no matching deposits,escrow_drain;large_withdrawal;accounting_mismatch,https://slowmist.medium.com/analysis-of-the-2-19-million-asset-theft-from-aztec-connect-d867c59b1fc6;https://blockaid.io/blog/219m-drained-on-aztec-how-blockaid-flagged-an-exploit-before-it-happened;https://rekt.news/aztec-connect-rekt
2026-06-aztec-bridge-escape,confirmed,2026-06-17,Aztec V1 bridge (escape hatch),canonical-rollup,Ethereum,2198000,1158 ETH;150k DAI;0.47 renBTC,verification bug,yes,unknown,unknown,unknown,unknown,unknown,unknown,unknown,None possible (immutable contracts),0,Permissionless escape-hatch exit paying out assets from the deprecated V1 rollup contract,escrow_drain;large_withdrawal,https://alpha.rekt.news/aztec-bridge-rekt;https://ambcrypto.com/aztec-network-attacked-twice-in-3-days-hacker-drains-2-21m-in-digital-assets/;https://defillama.com/hacks
2026-06-namada,unconfirmed,2026-06-19,Namada shielded pools,messaging,Namada,600000,unknown,message/proof forgery,no (unbacked mint),unknown,unknown,unknown,unknown,unknown,unknown,unknown,unknown,unknown,unknown,accounting_mismatch,https://defillama.com/hacks
2026-06-secret-network,unconfirmed,2026-06-19,Secret Network (possible duplicate of Axelar-Secret row),messaging,Secret,4670000,unknown,message/proof forgery,no (unbacked mint),unknown,unknown,unknown,unknown,unknown,unknown,unknown,unknown,unknown,unknown,accounting_mismatch,https://defillama.com/hacks
2026-06-taiko,unconfirmed,2026-06-21,Taiko bridge,canonical-rollup,Taiko;Ethereum,1700000,unknown,message/proof forgery,unknown,unknown,unknown,unknown,unknown,unknown,unknown,unknown,unknown,unknown,unknown,unknown,https://defillama.com/hacks;https://www.kucoin.com/blog/in-taiko-bridge-hack-recovery
2026-07-barnbridge,off-scope,2026-07-14,BarnBridge (governance; not a bridge),other,Ethereum,776000,unknown,other,n/a,n/a,unknown,unknown,unknown,unknown,n/a,unknown,unknown,unknown,unknown,unknown,https://defillama.com/hacks
2026-07-across-solana,confirmed,2026-07-17,Across (Solana relayer),router/aggregator,Solana;Ethereum;Base,4500000,relayer capital,verifier/oracle/RPC manipulation,no (relayer capital not escrow),n/a,unknown,unknown,581 fills of 1627 fake deposits,unknown,n/a,unknown,Solana deposits paused; patched in ~5 h; Risk Labs absorbed loss,partial (net <$4M per later report),Relayer fills for Solana deposit events that never happened; spoke-pool escrow untouched,none-vault-not-drained,https://startupfortune.com/across-protocol-got-hacked-on-solana-and-no-user-lost-a-cent/;https://en.cryptonomist.ch/2026/07/24/across-solana-relayer-attack/;https://defillama.com/hacks
2026-07-allbridge-core-solana,confirmed,2026-07-19,Allbridge Core (Solana),liquidity-pool,Solana,1650000,stablecoins,other,partial,n/a,unknown,unknown,unknown,unknown,unknown,unknown,Bridge paused,unknown,Flash-loan sized pool interaction then abnormal pool withdrawal,outflow_spike;large_withdrawal,https://theblock.co/post/408855/allbridge-core-exploit;https://defillama.com/hacks
2026-07-wanchain-cardano,confirmed,2026-07-21,Wanchain Cardano-BNB bridge,lock-mint,Cardano;BSC,9000000,515M NIGHT,verification bug,yes (treasury),n/a,unknown,unknown,unknown,unknown,unknown,unknown,Bridge taken offline; 90/10 whitehat settlement offered,unknown,Treasury releases of NIGHT authorised by re-used valid signatures,escrow_drain;large_withdrawal,https://ambcrypto.com/digging-deep-into-wanchains-cardano-bnb-bridge-exploit-how-9m-night-vanished-in-hours/;https://coingape.com/wanchain-cardano-bridge-breached-in-13m-hack-515m-night-tokens-drained/;https://defillama.com/hacks
2026-07-afx,confirmed,2026-07-22 21:26:55,AFX Trade bridge,lock-mint,Arbitrum;AFX,24150000,USDC,key/signer compromise,yes,n/a (Arbitrum vault 0xcb3b9a3e5668afe84dc7a864b36b845dce062e67),arbitrum:486658838,0x50d0b3ec6c3f5fce0f10abf81540bbb508f421494aa2b3480c4a264b0436547b,unknown,unknown,~100 (~$24.2M held),minutes (Blockaid ~21:30),Bridge halted; 30% bounty offered,unknown,Withdrawal request then near-total USDC release from the Arbitrum vault after a 200 s dispute window,escrow_drain;large_withdrawal;outflow_spike,https://www.theblock.co/post/409482;https://thedefiant.io/news/hacks/attacker-drains-usd24m-in-usdc-from-afx-bridge-on-arbitrum;https://decrypt.co/374133
2026-07-verus-2,confirmed,2026-07-23 03:45:59,Verus-Ethereum bridge (2nd),lock-mint,Ethereum;Verus,7530000,ETH;tBTC;USDC;USDT;MKR;EURC;scrvUSD; DAI minted,message/proof forgery,yes,0x71518580f36feceffe0721f06ba4703218cd7f63,25592836,0xa1f1e65c1cea4dba4ae439cd4dcdba6cc2dbda0ed1228e61f29ae9c9324eb099,unknown,unknown,unknown,minutes (Blockaid),Bridge operations halted,none reported,Same contract and entry path as May: reserve payouts with no Verus-side lock,escrow_drain;large_withdrawal;accounting_mismatch;outflow_spike,https://theblock.co/post/409489/new-verus-ethereum-bridge-attack;https://whale-alert.io/stories/bad10112b90bc8/Verus-Ethereum-Bridge-suffers-second-75-million-exploit;https://defillama.com/hacks
2026-07-chainconnect,unconfirmed,2026-07-26,ChainConnect,unknown,Ethereum;BSC;Avalanche;Polygon,650000,unknown,access control,unknown,unknown,unknown,unknown,unknown,unknown,unknown,unknown,unknown,unknown,unknown,unknown,https://defillama.com/hacks
2026-07-garden-htlc,confirmed,2026-07-26,Garden Finance (solver; 2nd),router/aggregator,Ethereum;Base;Arbitrum;BSC,450000,USDT,key/signer compromise,partial (solver inventory),n/a,unknown,unknown,unknown,unknown,unknown,unknown,App taken offline,unknown,Outflows from a solver wallet; HTLC contracts not affected,outflow_spike (only if solver wallets are monitored),https://cointelegraph.com/news/garden-finance-app-offline-450k-htlc-exploit;https://defillama.com/hacks
2026-08-tac-evm,off-scope,2026-08,TAC EVM chain supply exploit (chain; not the bridge),other,TAC,unknown,TAC token,other,n/a,n/a,unknown,unknown,unknown,unknown,n/a,unknown,Validators halted block production,unknown,unknown,unknown,https://cryptoslate.com/evm-network-halts-block-production-after-supply-exploit-as-ton-connection-remains-dark/
2026-08-oraichain,unconfirmed,2026-08-08,Oraichain bridge,unknown,Oraichain,1000000,unknown,message/proof forgery,no (unbacked mint),unknown,unknown,unknown,unknown,unknown,unknown,unknown,unknown,unknown,unknown,accounting_mismatch,https://defillama.com/hacks
2026-08-coreum-xrpl,confirmed,2026-08-09,Coreum-XRPL bridge,lock-mint,XRPL;Coreum,200000,XRPL-side assets,other,partial,n/a,unknown,unknown,unknown,unknown,unknown,unknown,unknown,unknown,unknown,escrow_drain,https://forklog.com/en/news/hacker-steals-200000-from-xrp-cross-chain-bridge;https://defillama.com/hacks
2026-08-harmony-one-mint,off-scope,2026-08-11,Harmony ONE unauthorised mint (L1; not the bridge),other,Harmony,3200000,~4B ONE minted,other,n/a,n/a,unknown,unknown,unknown,unknown,n/a,unknown,Exchanges asked to freeze; patch and rollback considered,unknown,unknown,unknown,https://theblock.co/news/defi/2026-08-12-harmony-confirms-exploit-one-token-411527;https://defillama.com/hacks
2026-08-maya,unconfirmed,2026-08-18,Maya Protocol,liquidity-pool,Mayachain,1700000,unknown,other,unknown,unknown,unknown,unknown,unknown,unknown,unknown,unknown,unknown,unknown,unknown,unknown,https://defillama.com/hacks
2026-08-allbridge-cctp,confirmed,2026-08-19,Allbridge CCTP router,router/aggregator,Base;others,191000,USDC,message/proof forgery,partial,n/a,base:50157345,0x9f906fcd8fceaa6745e8d1c004861dcfa9b5e6a893fe1e8c5d0013a4e982e6a8,unknown,unknown,unknown,unknown,unknown,unknown,Router paying out USDC against a deposit with no verified attestation,accounting_mismatch;outflow_spike,https://github.com/SunWeb3Sec/DeFiHackLabs;https://defillama.com/hacks
2026-08-sandbox-oft,confirmed,2026-08-22,The Sandbox SAND OFT (LayerZero),messaging,Ethereum;Base;BSC,675000,SAND,access control,partial,unknown,unknown,unknown,unknown,unknown,unknown,unknown,unknown,unknown,Change of the OFT's LayerZero delegate/config followed by unbacked releases,config_change;accounting_mismatch,https://github.com/SunWeb3Sec/DeFiHackLabs;https://defillama.com/hacks
2026-08-warp-green,unconfirmed,2026-08-23,warp.green,messaging,Chia;Ethereum,93000,unknown,other,unknown,unknown,unknown,unknown,unknown,unknown,unknown,unknown,unknown,unknown,unknown,unknown,https://defillama.com/hacks
2026-09-liquid-network,confirmed,2026-09-06,Liquid Network federation peg,mpc-custody,Liquid;Bitcoin,320000000,~4000 BTC,verification bug,yes (~95% of federation wallet),n/a,unknown,unknown,unknown,unknown,~95,unknown,Bridge nodes disabled; exchanges paused L-BTC; 3400 BTC returned (598.5 BTC kept),~85,Unbacked L-BTC minted then pegged out for real BTC from the federation wallet,escrow_drain;large_withdrawal;accounting_mismatch,https://securityaffairs.com/198697/cyber-crime/hackers-drain-320-million-from-liquid-network-then-return-most-of-it.html;https://onrampbitcoin.com/resources/media/liquid-networks-320m-hack-explained;https://oodaloop.com/briefs/cyber/bitcoin-network-used-by-exchanges-hit-by-320-million-exploit/
2026-09-nomic,unconfirmed,2026-09-09,Nomic (nBTC),mpc-custody,Nomic,3150000,unknown,message/proof forgery,no (unbacked mint),unknown,unknown,unknown,unknown,unknown,unknown,unknown,unknown,unknown,unknown,accounting_mismatch,https://defillama.com/hacks
2026-09-symbiosis,unconfirmed,2026-09-10,Symbiosis,router/aggregator,BSC;Ethereum,336000,unknown,message/proof forgery,no (unbacked mint),unknown,unknown,unknown,unknown,unknown,unknown,unknown,unknown,unknown,unknown,accounting_mismatch,https://defillama.com/hacks
2026-09-chainflip,unconfirmed,2026-09-12,Chainflip (Tron),liquidity-pool,Tron,736442,unknown,other,unknown,unknown,unknown,unknown,unknown,unknown,unknown,unknown,unknown,unknown,unknown,unknown,https://defillama.com/hacks
2026-09-fetchai,unconfirmed,2026-09-19,Fetch.ai bridge,lock-mint,Ethereum,1530000,unknown,key/signer compromise,unknown,unknown,unknown,unknown,unknown,unknown,unknown,unknown,unknown,unknown,unknown,unknown,https://defillama.com/hacks
2026-09-payy,unconfirmed,2026-09-24,Payy Network,canonical-rollup,Ethereum,1828589,unknown,other,unknown,unknown,unknown,unknown,unknown,unknown,unknown,unknown,unknown,unknown,unknown,unknown,https://defillama.com/hacks
2026-09-fake-giwa,off-scope,2026-09-27,Fake GIWA bridge (impersonation scam),other,Ethereum,2080000,~766 ETH from ~1335 addresses,frontend/DNS,n/a,n/a,unknown,unknown,unknown,unknown,n/a,unknown,DEX delisted fake chain and paid >200 ETH to users,unknown,Deposits into a counterfeit bridge contract that no real bridge monitor watches,none-vault-not-drained,https://cointelegraph.com/news/fake-giwa-blockchain-scam-drains-2m-eth;https://sumsub.com/media/news/scammers-drain-2-million-through-fake-giwa-blockchain/
2026-10-near-intents,unconfirmed,2026-10-01,NEAR Intents,router/aggregator,BSC,3800000,unknown,other,unknown,unknown,unknown,unknown,unknown,unknown,unknown,unknown,unknown,unknown,unknown,unknown,https://defillama.com/hacks
