key,catalog_id,design,root_cause,reported_loss_usd,vault,tracked_escrow_usd_at_start,tracked_stolen_usd,n_thefts,native_eth_untracked_usd,pre_attack_signal,pre_attack_lead,pre_attack_source,first_theft_utc,hour_utc,weekday,first_theft_tx,first_token,first_theft_usd,first_tx_usd_all_tokens,first_theft_share_tvl,tracked_tvl_before_first_theft_usd,stolen_share_of_tvl_before_first_theft,first_theft_share_of_token_balance,first_tx_share_of_tracked_theft,token_sequence,n_recipients,first_recipient_seen_before,dust_test_releases_to_theft_recipients,first_test_lead_min,drain_duration_min,inter_theft_gap_median_s,inter_theft_gap_max_s,native_eth_first,native_eth_lead_min,current_first_rule,current_latency_s,current_stolen_before_usd,current_stolen_before_share,current_alert_before_half,current_stolen_before_share_incl_native,current_alert_after_first_any_theft_min,current_baseline_false_alarms,notes
force-bridge-2025,2025-06-force-bridge,lockbox,access control,3760000,0x63a993502e74828ddba5710327afc6dc78d661b2,1734933,1597055,3,1357752,"failed attempt tx 0x69104f6b (block 22,608,287, ~19 blocks earlier); vault sunset announced 31 May",~4 min (failed attempt),dataset notes; catalog (Hacken),2025-06-01 07:16:47,7,Sun,0x6b6fbd9d6beef56d2a4f0d14852beea381764b962d7d73ecd216b9fd991299a1,USDC,898485,1156168,0.516,1739830,0.918,1.0,0.724,USDC>USDT>WBTC,1,no,0,,6.2,186,372,same tx,0.0,escrow_drain,1.0,1156168,0.724,False,0.851,,0,
heco-2023,2023-11-heco-bridge,lockbox,key/signer compromise,86600000,0xa929022c9107643515f5c777ce9a910f0d1e490c,67189680,65337547,7,20371566,none known (compromised operator key),,cases/2023-11-heco-bridge.md,2023-11-22 10:04:23,10,Wed,0x46f2ebab3a3195d2c790e45dfbb24bb38bb7886caafc8dfc6c844e844957b1e8,USDT,42110000,42110000,0.643,65452776,0.998,1.0,0.644,USDT>HBTC>SHIB>UNI>USDC>LINK>TUSD,1,no,0,,16.0,150,228,yes,4.8,escrow_drain,10.0,42110000,0.644,False,0.729,6.2,2,
kelp-2026,2026-04-kelpdao-rseth,oft-adapter,verifier/oracle/RPC manipulation,292000000,0x85d456b2dff1fd8245387c0bfb64dfb700e98ef3,311352827,294213759,1,0,config: DVN set reduced to 1-of-1 (LayerZero report),weeks,cases/2026-04-kelpdao-rseth.md,2026-04-18 17:35:35,17,Sat,0x1ae232da212c45f35c1525f851e4c41d529bf18af862d9ce9fd40bf709db4222,rsETH,294213759,294213759,0.998,294778247,0.998,0.998,1.0,rsETH,1,no,0,,0.0,,,no,,escrow_drain,13.0,294213759,1.0,False,1.0,,3,
poly-2021,2021-08-poly-network,lockbox,access control,611000000,0x250e76987d838a75310c34bf422ea9f1ac4cc906,267366066,260894554,5,9008780,config: keeper public-key replacement (EthCrossChainManager),2 min 22 s,cases/2021-08-poly-network.md; verified-ethereum-cases.md,2021-08-10 09:55:44,9,Tue,0x5a8b2152ec7d5538030b53347ac82e263c58fe7455695543055a2356f3ad4998,USDC,96389444,96389444,0.367,262850777,0.993,1.0,0.369,USDC>WBTC>UNI>USDT>WETH,1,no,0,,29.8,429,833,yes,4.7,escrow_drain,4.0,96389444,0.369,True,0.391,6.0,28,
poly-2023,2023-07-poly-network,lockbox,key/signer compromise,5000000,0x250e76987d838a75310c34bf422ea9f1ac4cc906,8590885,5772876,3,0,none public on-chain (keeper multisig signed forged unlocks),,catalog; dataset notes,2023-07-01 18:47:47,18,Sat,0x3a6e5d7e1b9386940b1db81d4e514cbaf5986963f3124dd7eb2a06989890f993,USDT,2651957,2651957,0.302,8772451,0.658,1.0,0.459,USDT>USDC>DAI,3,no,0,,11.2,336,660,no,,escrow_drain,1.0,5664103,0.981,False,0.981,,0,
qubit-2022,2022-01-qubit,lockbox,message/proof forgery,80000000,0x17b7163cf1dbd286e262ddc68b553d899b93f526,0,0,0,0,fake deposit event with no token movement IS the Ethereum-side signal,0,dataset notes (negative control),,,,,,,,,,,,,,,,,,,,,,,,,,,,,,,no tracked theft (negative control)
ronin-2024,2024-08-ronin,lockbox,faulty upgrade/initialisation,12000000,0x64192819ac13ef72bf6b5ae239ac672b43a9af08,35307168,1998047,1,9788122,config: proxy Upgraded to MainchainGatewayV3 (operator weight uninitialised),48 min 36 s,cases/2024-08-ronin.md; verified-ethereum-cases.md,2024-08-06 10:11:47,10,Tue,0xbce5b8548db486c561948e8a177c8ccaa72810f972cee3909ea50af015a60ad8,USDC,1998047,1998047,0.058,34302326,0.058,0.058,1.0,USDC,1,no,0,,0.0,,,yes,34.4,escrow_drain,1.0,1998047,1.0,False,1.0,35.6,0,
shibarium-2025,2025-09-shibarium,lockbox,key/signer compromise,2400000,0x6aca26bfce7675ff71c734bf26c8c0ac4039a4fa,2024791,2025250,4,1037882,validator stake shift (flash-loaned BONE) -> malicious checkpoint,same session,cases/2025-09-shibarium.md,2025-09-12 18:44:47,18,Fri,0xe882a83afb92d6070b848ef025ae699ec043b7c2f31b21d2a08c94306f9b817e,SHIB,1254404,1254404,0.616,2034919,0.995,1.0,0.619,SHIB>KNINE>USDC>USDT,2,no,0,,1.4,0,84,same tx,0.0,escrow_drain,1.0,1254404,0.619,False,0.748,,0,
verus-2026,2026-05-verus-1,lockbox,message/proof forgery,11580000,0x71518580f36feceffe0721f06ba4703218cd7f63,8403217,8243322,2,3456138,none known on-chain,,cases/2026-05-verus.md,2026-05-17 23:55:23,23,Sun,0x6990f01720f57fc515d0e976a0c4f8157e0a9529194c4c15d190e98d087eb321,tBTC,8095664,8243322,0.973,8322595,0.99,1.0,1.0,tBTC>USDC,1,no,0,,0.0,0,0,same tx,0.0,escrow_drain,10.0,8243322,1.0,False,1.0,,0,
xbridge-2024,2024-04-xbridge,lockbox,access control,1440000,0x47ddb6a433b76117a98fbeab5320d8b67d468e31,13883,794558,1,0,config: attacker re-listed STC via listToken (tx 0xe09d350d),minutes (same session),dataset notes,2024-04-24 07:19:35,7,Wed,0x903d88a92cbc0165a7f662305ac1bff97430dbcccaa0fe71e101e18aa9109c92,STC,794558,794558,1.0,794558,1.0,1.0,1.0,STC,1,no,0,,0.0,,,no,,escrow_drain,13.0,794558,1.0,False,1.0,,5,
harmony-2022,2022-06-harmony,lockbox,key/signer compromise,100000000,0x2dccdb493827e15a5dc8f8b72147e6c4a5620857,104941136,76205514,7,0,multisig confirmTransaction by the same 2 signers just before each release,seconds,cases/2022-06-harmony.md,2022-06-23 11:08:01,11,Thu,0x6e5251068aa99613366fd707f3ed99ce1cb7ffdea05b94568e6af4f460cecd65,USDC,41200000,41200000,0.539,76379393,0.998,0.999,0.541,USDC>WBTC>USDT>DAI>FXS>SUSHI>FRAX,1,no,0,,18.1,167,414,no,,escrow_drain,2.0,41200000,0.541,False,0.541,,9,
multichain-2023,2023-07-multichain,mpc,insider/custody,126000000,0xc564ee9f21ed8a2d8e7e76c085740d5e4c5fafbe,112534402,111270957,7,0,$2 USDC test release to the first theft recipient; operator unreachable for weeks (off-chain),1 h 49 min (test),cases/2023-07-multichain.md; open-questions.md §1; this data,2023-07-06 18:10:35,18,Thu,0xbd29fe07555c28527fb0207aa0ac2b67d4afef0426793c35b76d005613477fc4,USDC,27653471,27653471,0.248,111309506,1.0,0.478,0.249,USDC>WBTC>WETH>DAI>LINK>USDT,5,yes,1,109.2,67.2,534,1296,no,,escrow_drain,13.0,27653471,0.249,True,0.249,,0,
nomad-2022,2022-08-nomad,lockbox,faulty upgrade/initialisation,190000000,0x88a69b4e698a4b090df6cf5bd7b2d47325ad30a3,170418754,168750471,435,0,config: faulty Replica initialisation; failed first exploit attempt,41 days (init),cases/2022-08-nomad.md; 02-defenses/techniques.md T10,2022-08-01 21:32:31,21,Mon,0x61497a1a8a8659a06358e130ea590e1eed8956edbd99dbb2048cfb46850a8f17,WBTC,2298772,2298772,0.014,168770875,1.0,0.097,0.014,WBTC>WETH>FRAX>USDC>USDT>DAI,294,no,0,,125.6,0,789,no,,outflow_spike,2.0,16091408,0.095,True,0.095,,19,
orbit-2023,2023-12-orbit-bridge,lockbox,key/signer compromise,81700000,0x1bf68a9d1eaee7826b3593c20a0ca93293cb489a,70321852,59826263,4,0,5 dust test releases ($1-$514) to the 4 later theft recipients; unauthorised access 20:52:47 (off-chain),2 h 38 min to 27 min (tests),this data (orbit-2023.json); cases/2023-12-orbit-bridge.md,2023-12-31 21:07:59,21,Sun,0xafdc36278fcef8d54824b09ec019147cfe2afd995abf6754e52d273a2c1b07ca,DAI,10000000,10000000,0.144,69648739,0.859,0.925,0.167,DAI>WBTC>USDC>USDT,4,yes,5,157.8,17.6,180,852,no,,escrow_drain,4.0,10000000,0.167,True,0.167,,0,
ronin-2022,2022-03-ronin,lockbox,key/signer compromise,624000000,0x1a2a1c938ce3ec39b6d47113c7955baa9dd454f2,543897314,539564295,2,0,attacker EOA funded from an exchange (off-vault),12 min,cases/2022-03-ronin.md,2022-03-23 13:29:09,13,Wed,0xc28fad5e8d5e0ce6a2eaf67b6687be5d58113e16be590824d6cfa1a94467d0b7,WETH,514064295,514064295,0.953,539609159,1.0,1.0,0.953,WETH>USDC,2,unknown (WETH unwrap),0,,1.9,115,115,no,,escrow_drain,9.0,514064295,0.953,False,0.953,,1,
