key,role,design,window_utc,weeks_counted,tracked_tvl_start_usd,releases_per_day,deposits_per_day,release_usd_per_day,release_p50_usd,release_p90_usd,release_p99_usd,release_max_usd,max_single_release_pct_tvl,n_release_ge_1pct_tvl,n_release_ge_2pct_tvl,n_release_ge_5pct_tvl,n_release_ge_10pct_tvl,n_release_ge_5pct_tvl_and_1M,max_net_1h_outflow_pct_tvl,max_gross_10m_outflow_pct_tvl,max_drawdown_24h_pct,peak_hour_usd_share,peak_hour_utc,hour_count_cv,weekend_to_weekday_usd,fano_10min_counts,max_releases_in_10min,share_releases_to_new_recipient,new_recipient_ge_1pct_tvl_and_250k_per_week,dust_lt_1k_to_new_recipient_per_week,current_false_alarms,current_fa_per_week,fa_outflow_spike,fa_withdrawal_burst,fa_escrow_drain,fa_large_withdrawal
force-bridge-2025,pre-hack,lockbox,2025-05-21 to 2025-06-01,1.57,1734933,0.1,0.1,9,100,100,100,100,0.01,0,0,0,0,0,0.01,0.01,0.01,1.0,5,,,1.0,1,1.0,0.0,0.6,0,0.0,0,0,0,0
heco-2023,pre-hack,lockbox,2023-11-11 to 2023-11-22,1.57,67189680,1.8,0.7,156019,3470,6990,1650503,1650503,2.46,1,1,0,0,0,2.46,2.46,2.47,0.965,1,1.28,0.01,1.1,2,0.0,0.0,0.0,2,1.28,1,0,0,1
kelp-2026,pre-hack,oft-adapter,2026-04-07 to 2026-04-18,1.57,311352827,3.3,1.7,1746518,3078,2916883,3838669,3838669,1.24,2,0,0,0,0,3.77,1.24,4.77,0.461,13,0.92,0.0,1.0,1,0.472,0.0,5.1,3,1.92,3,0,0,0
poly-2021,pre-hack,lockbox,2021-07-30 to 2021-08-10,1.57,267366066,39.2,35.8,12646097,2504,733702,4722185,10413211,3.69,15,3,0,0,0,8.02,4.19,8.15,0.209,2,0.33,0.52,1.3,9,0.63,3.83,79.8,21,13.41,18,0,1,2
poly-2023,pre-hack,lockbox,2023-06-20 to 2023-07-01,1.57,8590885,0.3,0.9,7422,21376,49974,49974,49974,0.57,0,0,0,0,0,0.57,0.57,0.57,0.614,4,2.65,0.0,1.0,1,1.0,0.0,0.0,0,0.0,0,0,0,0
ronin-2024,pre-hack,lockbox,2024-07-26 to 2024-08-06,1.57,35307168,16.1,8.7,92611,538,11000,81106,206765,0.6,0,0,0,0,0,0.59,0.62,0.9,0.252,16,0.33,0.41,1.0,2,0.712,0.0,44.0,0,0.0,0,0,0,0
shibarium-2025,pre-hack,lockbox,2025-09-01 to 2025-09-12,1.57,2024791,0.6,1.6,1333,328,1366,11940,11940,0.59,0,0,0,0,0,0.59,0.59,0.59,0.859,5,1.85,11.17,1.0,1,1.0,0.0,3.2,0,0.0,0,0,0,0
verus-2026,pre-hack,lockbox,2026-05-06 to 2026-05-17,1.57,8403217,0.9,0.4,11723,1727,15634,87454,87454,1.04,1,0,0,0,0,1.04,1.04,1.04,0.765,9,1.69,0.49,1.0,1,0.4,0.0,0.6,0,0.0,0,0,0,0
xbridge-2024,pre-hack,lockbox,2024-04-13 to 2024-04-24,1.57,13883,2.3,0.8,3152,1630,2990,3146,3146,77.95,2,2,2,1,0,77.94,297.48,78.47,0.149,12,1.02,1.64,1.3,2,0.36,0.0,3.2,2,1.28,0,0,2,0
harmony-2022,pre-hack,lockbox,2022-06-12 to 2022-06-23,1.57,104941136,17.5,5.2,2259775,19434,200000,1630465,6999898,7.47,3,3,1,0,1,7.54,7.51,11.39,0.303,5,0.38,0.47,1.0,2,0.661,0.64,14.1,8,5.11,4,0,1,3
multichain-2023,pre-hack,mpc,2023-06-25 to 2023-07-06,1.58,112534402,17.7,11.5,237528,1650,39238,186733,200191,0.18,0,0,0,0,0,0.18,0.18,0.57,0.143,5,0.35,0.97,1.1,3,0.8,0.0,38.7,0,0.0,0,0,0,0
nomad-2022,pre-hack,lockbox,2022-07-21 to 2022-08-01,1.57,170418754,229.9,702.3,3801118,430,1999,172736,9485257,5.4,6,3,1,0,1,11.18,11.13,12.31,0.488,5,0.45,0.19,3.2,22,0.567,0.64,689.3,19,12.14,4,12,2,1
orbit-2023,pre-hack,lockbox,2023-12-20 to 2023-12-31,1.57,70321852,14.2,3.3,212815,3181,46687,119880,164835,0.23,0,0,0,0,0,0.34,0.23,0.51,0.143,8,0.48,0.93,1.5,6,0.391,0.0,13.4,0,0.0,0,0,0,0
ronin-2022,pre-hack,lockbox,2022-03-12 to 2022-03-23,1.57,543897314,195.0,278.6,2568399,347,9868,274315,3054922,0.56,0,0,0,0,0,0.57,0.57,1.16,0.141,19,0.14,0.51,1.2,8,0.782,0.0,56.9,1,0.64,1,0,0,0
across-spokepool-7d,normal,pool,2026-10-03 to 2026-10-07,0.57,469948,5089.0,10501.2,14502948,110,3862,49530,1304141,85.93,2233,1449,719,314,1,91.78,202.15,92.83,0.085,7,0.1,0.89,4.8,88,0.002,0.0,21.0,32,56.0,7,0,24,1
celer-cbridge-30d,normal,pool,2026-09-10 to 2026-10-07,3.86,1611612,3.2,36.0,87176,1990,79982,220340,249965,14.88,27,22,8,4,0,14.86,14.88,23.11,0.147,11,0.59,0.56,1.5,4,0.726,0.0,3.9,10,2.59,0,0,10,0
kelp-rseth-adapter-prehack-30d,normal,oft-adapter,2026-03-05 to 2026-04-01,3.86,283846004,3.6,1.9,2150030,21071,2249611,3486897,4499222,1.53,4,0,0,0,0,2.72,1.53,4.62,0.247,14,0.7,0.01,1.0,2,0.333,0.0,2.9,11,2.85,11,0,0,0
polygon-pos-erc20-30d,normal,lockbox,2026-09-10 to 2026-10-07,3.86,1706729293,27.1,22.0,7796439,87270,810549,3500411,7788905,0.45,0,0,0,0,0,0.72,0.48,1.44,0.133,15,0.39,0.46,2.2,23,0.293,0.0,21.3,1,0.26,0,1,0,0
polygon-pos-erc20-usdc-depeg-2023,stress,lockbox,2023-02-27 to 2023-03-26,3.86,1874336480,54.0,70.8,13366868,3557,230767,5261964,10000000,0.55,0,0,0,0,0,0.8,0.55,1.91,0.097,19,0.24,0.78,1.1,5,0.663,0.0,100.9,1,0.26,1,0,0,0
ronin-gateway-30d,normal,lockbox,2026-09-10 to 2026-10-07,3.86,543055,0.4,0.1,1021,52,604,26500,26500,4.89,1,1,0,0,0,4.89,4.89,4.89,0.961,12,1.41,0.0,1.2,2,1.0,0.0,2.9,0,0.0,0,0,0,0
stargate-v2-usdc-30d,normal,pool,2026-09-10 to 2026-10-07,3.86,20424447,192.1,76.1,10391318,200,101258,917482,9198114,16.11,60,5,1,1,1,54.42,19.64,66.49,0.225,5,0.24,0.39,2.9,31,0.511,0.78,496.2,90,23.33,77,4,4,5
usdt0-oft-adapter-30d,normal,oft-adapter,2026-09-10 to 2026-10-07,3.86,3190859931,212.0,144.0,44719654,4599,119976,3263970,80000000,2.53,4,1,0,0,0,2.56,2.53,2.9,0.123,7,0.17,0.18,1.3,14,0.347,0.26,249.1,19,4.93,17,1,0,1
wormhole-portal-30d,normal,lockbox,2026-09-10 to 2026-10-07,3.86,344022279,21.6,15.1,626260,16629,63287,149331,921243,0.27,0,0,0,0,0,0.77,0.53,0.93,0.145,17,0.33,0.51,1.2,7,0.088,0.0,6.7,1,0.26,1,0,0,0
wormhole-portal-ftx-2022,stress,lockbox,2022-10-28 to 2022-11-24,3.86,109367793,165.5,94.1,6029941,1427,69624,624330,4205692,3.45,11,6,0,0,0,8.71,8.35,11.48,0.132,3,0.29,0.65,3.6,23,0.413,0.78,158.4,47,12.19,33,9,1,4
arbitrum-30d,normal,rollup,2026-09-10 to 2026-10-07,3.86,606444569,1.5,14.4,318465,125563,395754,2093734,2093734,0.34,0,0,0,0,0,0.34,0.34,0.34,0.243,2,0.73,0.72,1.0,1,0.512,0.0,0.8,0,0.0,0,0,0,0
base-30d,normal,rollup,2026-09-10 to 2026-10-07,3.86,34172601,0.7,26.4,58195,52331,135000,540039,540039,1.56,1,0,0,0,0,1.56,1.56,1.56,0.344,17,1.31,0.47,1.7,4,0.579,0.26,0.8,0,0.0,0,0,0,0
multichain-2023-normal-30d,normal,mpc,2023-03-03 to 2023-03-30,3.86,226019844,42.4,32.6,2463874,3211,90170,646802,8118240,4.05,5,2,0,0,0,5.02,4.05,16.05,0.193,0,0.25,8.05,1.5,8,0.61,0.26,67.7,13,3.37,10,0,1,2
optimism-30d,normal,rollup,2026-09-10 to 2026-10-07,3.86,309974831,0.9,116.0,216756,73050,551283,1438766,1438766,0.4,0,0,0,0,0,0.37,0.4,0.4,0.324,15,1.28,0.58,1.0,1,0.48,0.0,1.6,0,0.0,0,0,0,0
orbit-2023-normal-30d,normal,lockbox,2023-10-04 to 2023-10-31,3.86,69961904,7.3,3.0,171123,2398,52254,258422,658228,0.95,0,0,0,0,0,1.88,1.88,1.97,0.351,23,0.57,0.26,1.2,5,0.563,0.0,12.2,1,0.26,1,0,0,0
